client_id,algorithm,model_id,image_number,signal_gain,image_file,iters,erro_final,converg,tempo_inicio,tempo_final,reconstruction_time
1,CGNE,30x30,1,0.7105,reconstructed_client1_CGNE_img1.png,2,5.934865839662962e-05,True,2026-05-29T17:47:49.727,2026-05-29T17:47:49.792,0.06489487499993629
1,CGNR,30x30,1,0.7105,reconstructed_client1_CGNR_img1.png,1,9.399007103638723e-05,True,2026-05-29T17:47:47.466,2026-05-29T17:47:47.485,0.019618583000010403
2,CGNE,30x30,1,0.7281,reconstructed_client2_CGNE_img1.png,2,6.081873652874492e-05,True,2026-05-29T17:48:07.363,2026-05-29T17:48:07.596,0.23317183299968747
2,CGNR,30x30,1,0.7281,reconstructed_client2_CGNR_img1.png,1,9.631831926526502e-05,True,2026-05-29T17:48:04.817,2026-05-29T17:48:05.014,0.19694695800035333
3,CGNE,30x30,2,1.069,reconstructed_client3_CGNE_img2.png,3,8.418814104516059e-05,True,2026-05-29T17:48:09.153,2026-05-29T17:48:09.382,0.2287443339996571
3,CGNR,30x30,2,1.069,reconstructed_client3_CGNR_img2.png,2,9.569264511810616e-05,True,2026-05-29T17:48:10.544,2026-05-29T17:48:10.791,0.24670145800018872
4,CGNE,30x30,3,1.1866,reconstructed_client4_CGNE_img3.png,10,388564512.0,False,2026-05-29T17:47:43.136,2026-05-29T17:47:43.344,0.20809116600003108
4,CGNR,30x30,3,1.1866,reconstructed_client4_CGNR_img3.png,10,7502316.5,False,2026-05-29T17:47:44.719,2026-05-29T17:47:44.897,0.17804512500015335
5,CGNE,60x60,5,0.6737,reconstructed_client5_CGNE_img5.png,5,9.860534919425845e-05,True,2026-05-29T17:48:17.049,2026-05-29T17:48:18.407,1.3578421249999337
5,CGNR,60x60,5,0.6737,reconstructed_client5_CGNR_img5.png,4,8.451701432932168e-05,True,2026-05-29T17:48:17.932,2026-05-29T17:48:18.676,0.7442082500001561
6,CGNE,30x30,3,1.0348,reconstructed_client6_CGNE_img3.png,10,338855232.0,False,2026-05-29T17:48:11.160,2026-05-29T17:48:11.899,0.7391128330000356
6,CGNR,30x30,3,1.0348,reconstructed_client6_CGNR_img3.png,10,6542556.0,False,2026-05-29T17:48:09.326,2026-05-29T17:48:09.961,0.6349342499997874
7,CGNE,60x60,4,1.3315,reconstructed_client7_CGNE_img4.png,8,8.929642353905365e-05,True,2026-05-29T17:48:02.497,2026-05-29T17:48:03.819,1.322609833000115
7,CGNR,60x60,4,1.3315,reconstructed_client7_CGNR_img4.png,5,8.600317960372195e-05,True,2026-05-29T17:47:59.191,2026-05-29T17:48:00.309,1.1177366249999068
8,CGNE,30x30,3,0.5707,reconstructed_client8_CGNE_img3.png,10,186882528.0,False,2026-05-29T17:47:51.966,2026-05-29T17:47:52.231,0.2648448330000974
8,CGNR,30x30,3,0.5707,reconstructed_client8_CGNR_img3.png,10,3608269.25,False,2026-05-29T17:47:49.852,2026-05-29T17:47:50.058,0.20624566700007563
9,CGNE,30x30,2,0.5077,reconstructed_client9_CGNE_img2.png,1,9.06950153876096e-05,True,2026-05-29T17:48:11.288,2026-05-29T17:48:11.701,0.41247341700000106
9,CGNR,30x30,2,0.5077,reconstructed_client9_CGNR_img2.png,1,8.119533595163375e-05,True,2026-05-29T17:48:09.492,2026-05-29T17:48:10.034,0.5420875830000114
10,CGNE,30x30,3,1.0601,reconstructed_client10_CGNE_img3.png,10,347141920.0,False,2026-05-29T17:48:17.042,2026-05-29T17:48:17.942,0.899706750000405
10,CGNR,30x30,3,1.0601,reconstructed_client10_CGNR_img3.png,10,6702516.0,False,2026-05-29T17:48:16.976,2026-05-29T17:48:17.553,0.5769040840000343
11,CGNE,30x30,3,0.8001,reconstructed_client11_CGNE_img3.png,10,262001712.0,False,2026-05-29T17:47:51.642,2026-05-29T17:47:51.855,0.21308833399962168
11,CGNR,30x30,3,0.8001,reconstructed_client11_CGNR_img3.png,10,5058657.5,False,2026-05-29T17:47:49.586,2026-05-29T17:47:49.810,0.22392187499963256
12,CGNE,60x60,4,0.8963,reconstructed_client12_CGNE_img4.png,5,9.511123789707199e-05,True,2026-05-29T17:48:00.618,2026-05-29T17:48:01.681,1.0627212079998571
12,CGNR,60x60,4,0.8963,reconstructed_client12_CGNR_img4.png,3,9.884191968012601e-05,True,2026-05-29T17:48:03.443,2026-05-29T17:48:04.051,0.6081956670000181
13,CGNE,60x60,5,1.3216,reconstructed_client13_CGNE_img5.png,10,0.00011958588584093377,False,2026-05-29T17:47:43.600,2026-05-29T17:47:44.593,0.9936615420001544
13,CGNR,60x60,5,1.3216,reconstructed_client13_CGNR_img5.png,7,8.615580009063706e-05,True,2026-05-29T17:47:46.163,2026-05-29T17:47:46.857,0.6946736669997335
14,CGNE,60x60,5,1.0842,reconstructed_client14_CGNE_img5.png,10,9.81045450316742e-05,True,2026-05-29T17:48:10.937,2026-05-29T17:48:12.990,2.0530352499999935
14,CGNR,60x60,5,1.0842,reconstructed_client14_CGNR_img5.png,6,8.421486563747749e-05,True,2026-05-29T17:48:09.128,2026-05-29T17:48:10.232,1.1045922500002234
15,CGNE,60x60,4,0.8277,reconstructed_client15_CGNE_img4.png,4,9.989165846491233e-05,True,2026-05-29T17:48:11.441,2026-05-29T17:48:12.527,1.086362041999564
15,CGNR,60x60,4,0.8277,reconstructed_client15_CGNR_img4.png,3,9.127685916610062e-05,True,2026-05-29T17:48:13.369,2026-05-29T17:48:14.652,1.2830279160002647
16,CGNE,30x30,3,0.7451,reconstructed_client16_CGNE_img3.png,10,243991552.0,False,2026-05-29T17:47:55.589,2026-05-29T17:47:56.314,0.7250120419998893
16,CGNR,30x30,3,0.7451,reconstructed_client16_CGNR_img3.png,10,4710918.5,False,2026-05-29T17:47:57.366,2026-05-29T17:47:57.786,0.42008954100037954
17,CGNE,60x60,6,1.0814,reconstructed_client17_CGNE_img6.png,10,946134.25,False,2026-05-29T17:47:43.379,2026-05-29T17:47:44.461,1.0819819580001422
17,CGNR,60x60,6,1.0814,reconstructed_client17_CGNR_img6.png,10,27419.40234375,False,2026-05-29T17:47:45.858,2026-05-29T17:47:46.841,0.9829424169997765
18,CGNE,30x30,2,1.3442,reconstructed_client18_CGNE_img2.png,4,8.107653411570936e-05,True,2026-05-29T17:47:56.829,2026-05-29T17:47:57.163,0.33419516699996166
18,CGNR,30x30,2,1.3442,reconstructed_client18_CGNR_img2.png,3,7.948020356707275e-05,True,2026-05-29T17:47:55.295,2026-05-29T17:47:55.389,0.09313558299982105
19,CGNE,60x60,4,1.2246,reconstructed_client19_CGNE_img4.png,8,8.212725515477359e-05,True,2026-05-29T17:47:52.531,2026-05-29T17:47:53.213,0.6821565409995856
19,CGNR,60x60,4,1.2246,reconstructed_client19_CGNR_img4.png,4,9.96940943878144e-05,True,2026-05-29T17:47:53.663,2026-05-29T17:47:54.004,0.3414562500001921
20,CGNE,30x30,1,0.8513,reconstructed_client20_CGNE_img1.png,2,7.110981096047908e-05,True,2026-05-29T17:47:58.550,2026-05-29T17:47:58.720,0.17034162499976446
20,CGNR,30x30,1,0.8513,reconstructed_client20_CGNR_img1.png,2,6.012638914398849e-05,True,2026-05-29T17:47:56.986,2026-05-29T17:47:57.316,0.32975854100004653
21,CGNE,60x60,5,0.799,reconstructed_client21_CGNE_img5.png,7,9.580047480994835e-05,True,2026-05-29T17:48:07.599,2026-05-29T17:48:09.038,1.4385918329999186
21,CGNR,60x60,5,0.799,reconstructed_client21_CGNR_img5.png,5,7.610563625348732e-05,True,2026-05-29T17:48:05.015,2026-05-29T17:48:06.116,1.1008405839997977
22,CGNE,30x30,2,1.1569,reconstructed_client22_CGNE_img2.png,3,9.11105889827013e-05,True,2026-05-29T17:47:55.504,2026-05-29T17:47:55.637,0.13261016599972208
22,CGNR,30x30,2,1.1569,reconstructed_client22_CGNR_img2.png,3,6.840551941422746e-05,True,2026-05-29T17:47:58.465,2026-05-29T17:47:58.701,0.2362198329997227
23,CGNE,30x30,3,1.3963,reconstructed_client23_CGNE_img3.png,10,457233696.0,False,2026-05-29T17:48:15.514,2026-05-29T17:48:16.221,0.7073343339998246
23,CGNR,30x30,3,1.3963,reconstructed_client23_CGNR_img3.png,10,8828151.0,False,2026-05-29T17:48:14.572,2026-05-29T17:48:15.331,0.7592067499999757
24,CGNE,30x30,2,1.4486,reconstructed_client24_CGNE_img2.png,4,8.737346797715873e-05,True,2026-05-29T17:47:58.026,2026-05-29T17:47:58.460,0.4345722080001906
24,CGNR,30x30,2,1.4486,reconstructed_client24_CGNR_img2.png,3,8.565320604247972e-05,True,2026-05-29T17:47:54.827,2026-05-29T17:47:54.890,0.06269316599991726
25,CGNE,30x30,1,0.9512,reconstructed_client25_CGNE_img1.png,2,7.9454475780949e-05,True,2026-05-29T17:47:44.561,2026-05-29T17:47:44.605,0.04361883299998226
25,CGNR,30x30,1,0.9512,reconstructed_client25_CGNR_img1.png,2,6.718223448842764e-05,True,2026-05-29T17:47:47.163,2026-05-29T17:47:47.196,0.03337412499968195
26,CGNE,30x30,3,0.8744,reconstructed_client26_CGNE_img3.png,10,286333088.0,False,2026-05-29T17:47:52.726,2026-05-29T17:47:52.915,0.18971224999995684
26,CGNR,30x30,3,0.8744,reconstructed_client26_CGNR_img3.png,10,5528422.0,False,2026-05-29T17:47:50.775,2026-05-29T17:47:51.247,0.47171937500024796
27,CGNE,30x30,2,0.5211,reconstructed_client27_CGNE_img2.png,1,9.308875451097265e-05,True,2026-05-29T17:48:12.420,2026-05-29T17:48:12.616,0.19572512500008088
27,CGNR,30x30,2,0.5211,reconstructed_client27_CGNR_img2.png,1,8.333829464390874e-05,True,2026-05-29T17:48:10.048,2026-05-29T17:48:10.250,0.20272554200028026
28,CGNE,30x30,3,1.2522,reconstructed_client28_CGNE_img3.png,10,410046304.0,False,2026-05-29T17:48:02.618,2026-05-29T17:48:03.267,0.6485520000001088
28,CGNR,30x30,3,1.2522,reconstructed_client28_CGNR_img3.png,10,7917074.5,False,2026-05-29T17:48:01.687,2026-05-29T17:48:02.195,0.5087886249998519
29,CGNE,60x60,4,1.152,reconstructed_client29_CGNE_img4.png,8,7.725838804617524e-05,True,2026-05-29T17:48:06.500,2026-05-29T17:48:08.163,1.663233499999933
29,CGNR,60x60,4,1.152,reconstructed_client29_CGNR_img4.png,4,9.378377581015229e-05,True,2026-05-29T17:48:08.570,2026-05-29T17:48:09.595,1.0250479999999698
30,CGNE,60x60,4,0.9136,reconstructed_client30_CGNE_img4.png,5,9.694705659057945e-05,True,2026-05-29T17:48:12.976,2026-05-29T17:48:14.156,1.1799188750001122
30,CGNR,60x60,4,0.9136,reconstructed_client30_CGNR_img4.png,4,7.437571184709668e-05,True,2026-05-29T17:48:10.447,2026-05-29T17:48:11.406,0.9590957499999604
31,CGNE,60x60,6,1.4926,reconstructed_client31_CGNE_img6.png,10,1305897.5,False,2026-05-29T17:47:56.843,2026-05-29T17:47:58.889,2.045640791999631
31,CGNR,60x60,6,1.4926,reconstructed_client31_CGNR_img6.png,10,37845.57421875,False,2026-05-29T17:47:54.855,2026-05-29T17:47:56.485,1.6297691250001662
32,CGNE,60x60,5,1.2151,reconstructed_client32_CGNE_img5.png,10,0.00010994925833074376,False,2026-05-29T17:48:10.968,2026-05-29T17:48:13.143,2.174308749999909
32,CGNR,60x60,5,1.2151,reconstructed_client32_CGNR_img5.png,6,9.438245615456253e-05,True,2026-05-29T17:48:09.173,2026-05-29T17:48:10.342,1.1681265420002092
33,CGNE,30x30,2,1.004,reconstructed_client33_CGNE_img2.png,3,7.90692211012356e-05,True,2026-05-29T17:47:55.054,2026-05-29T17:47:55.128,0.07387666600016018
33,CGNR,30x30,2,1.004,reconstructed_client33_CGNR_img2.png,2,8.987413457361981e-05,True,2026-05-29T17:47:56.489,2026-05-29T17:47:56.620,0.13061045899985402
34,CGNE,30x30,3,0.9358,reconstructed_client34_CGNE_img3.png,10,306438528.0,False,2026-05-29T17:47:57.256,2026-05-29T17:47:57.701,0.4451816659998258
34,CGNR,30x30,3,0.9358,reconstructed_client34_CGNR_img3.png,10,5916625.0,False,2026-05-29T17:47:55.501,2026-05-29T17:47:55.918,0.41785250000020824
35,CGNE,30x30,3,1.0999,reconstructed_client35_CGNE_img3.png,10,360177888.0,False,2026-05-29T17:48:05.913,2026-05-29T17:48:06.591,0.6789230839999618
35,CGNR,30x30,3,1.0999,reconstructed_client35_CGNR_img3.png,10,6954153.0,False,2026-05-29T17:48:04.415,2026-05-29T17:48:04.842,0.4269104579998384
36,CGNE,30x30,2,1.2101,reconstructed_client36_CGNE_img2.png,3,9.530035458737984e-05,True,2026-05-29T17:48:07.473,2026-05-29T17:48:07.738,0.2650174169998536
36,CGNR,30x30,2,1.2101,reconstructed_client36_CGNR_img2.png,3,7.155112689360976e-05,True,2026-05-29T17:48:04.847,2026-05-29T17:48:05.237,0.3907306670002981
37,CGNE,60x60,6,1.2778,reconstructed_client37_CGNE_img6.png,10,1117966.375,False,2026-05-29T17:47:48.322,2026-05-29T17:47:49.718,1.395680000000084
37,CGNR,60x60,6,1.2778,reconstructed_client37_CGNR_img6.png,10,32399.216796875,False,2026-05-29T17:47:50.260,2026-05-29T17:47:51.770,1.5096766249998836
38,CGNE,60x60,6,1.2052,reconstructed_client38_CGNE_img6.png,10,1054444.5,False,2026-05-29T17:47:58.290,2026-05-29T17:48:00.225,1.935059832999741
38,CGNR,60x60,6,1.2052,reconstructed_client38_CGNR_img6.png,10,30558.41015625,False,2026-05-29T17:47:59.321,2026-05-29T17:48:01.220,1.8984901250000803
39,CGNE,60x60,4,0.6829,reconstructed_client39_CGNE_img4.png,4,8.241634350270033e-05,True,2026-05-29T17:47:45.943,2026-05-29T17:47:46.309,0.3656910830000015
39,CGNR,60x60,4,0.6829,reconstructed_client39_CGNR_img4.png,3,7.530867878813297e-05,True,2026-05-29T17:47:43.442,2026-05-29T17:47:43.691,0.24847837500010428
40,CGNE,60x60,5,0.5734,reconstructed_client40_CGNE_img5.png,5,8.392488962272182e-05,True,2026-05-29T17:48:15.012,2026-05-29T17:48:16.382,1.370175250000102
40,CGNR,60x60,5,0.5734,reconstructed_client40_CGNR_img5.png,4,7.193416968220845e-05,True,2026-05-29T17:48:15.868,2026-05-29T17:48:16.797,0.9296981669999695
41,CGNE,60x60,4,0.8834,reconstructed_client41_CGNE_img4.png,5,9.37424338189885e-05,True,2026-05-29T17:47:57.488,2026-05-29T17:47:58.539,1.0506129579998742
41,CGNR,60x60,4,0.8834,reconstructed_client41_CGNR_img4.png,3,9.74193389993161e-05,True,2026-05-29T17:47:55.924,2026-05-29T17:47:56.722,0.7972905000001447
42,CGNE,30x30,1,1.1753,reconstructed_client42_CGNE_img1.png,2,9.817389218369499e-05,True,2026-05-29T17:47:59.800,2026-05-29T17:48:00.179,0.3789789170000404
42,CGNR,30x30,1,1.1753,reconstructed_client42_CGNR_img1.png,2,8.30102144391276e-05,True,2026-05-29T17:47:58.384,2026-05-29T17:47:58.548,0.16482712500010166
43,CGNE,60x60,5,0.5449,reconstructed_client43_CGNE_img5.png,4,9.770972974365577e-05,True,2026-05-29T17:47:50.601,2026-05-29T17:47:51.415,0.8136723750003512
43,CGNR,60x60,5,0.5449,reconstructed_client43_CGNR_img5.png,3,9.567030792823061e-05,True,2026-05-29T17:47:53.826,2026-05-29T17:47:54.130,0.30364462499983347
44,CGNE,30x30,3,0.5914,reconstructed_client44_CGNE_img3.png,10,193658928.0,False,2026-05-29T17:48:00.404,2026-05-29T17:48:00.948,0.5441615830000046
44,CGNR,30x30,3,0.5914,reconstructed_client44_CGNR_img3.png,10,3739145.5,False,2026-05-29T17:47:58.992,2026-05-29T17:47:59.657,0.6645562089997838
45,CGNE,30x30,1,1.1261,reconstructed_client45_CGNE_img1.png,2,9.406415483681485e-05,True,2026-05-29T17:48:15.711,2026-05-29T17:48:15.960,0.2489040830000704
45,CGNR,30x30,1,1.1261,reconstructed_client45_CGNR_img1.png,2,7.953526073833928e-05,True,2026-05-29T17:48:15.973,2026-05-29T17:48:16.359,0.3856177910001861
46,CGNE,60x60,4,0.8162,reconstructed_client46_CGNE_img4.png,4,9.850367496255785e-05,True,2026-05-29T17:48:07.390,2026-05-29T17:48:08.257,0.8666744160000235
46,CGNR,60x60,4,0.8162,reconstructed_client46_CGNR_img4.png,3,9.000865975394845e-05,True,2026-05-29T17:48:04.842,2026-05-29T17:48:05.462,0.6202773750001143
47,CGNE,60x60,6,1.2099,reconstructed_client47_CGNE_img6.png,10,1058556.875,False,2026-05-29T17:48:08.951,2026-05-29T17:48:10.904,1.953106791999744
47,CGNR,60x60,6,1.2099,reconstructed_client47_CGNR_img6.png,10,30677.58203125,False,2026-05-29T17:48:06.585,2026-05-29T17:48:08.562,1.9773060409997925
48,CGNE,30x30,2,0.7022,reconstructed_client48_CGNE_img2.png,2,7.585377170471475e-05,True,2026-05-29T17:47:46.916,2026-05-29T17:47:46.958,0.04227158399999098
48,CGNR,30x30,2,0.7022,reconstructed_client48_CGNR_img2.png,2,6.285816198214889e-05,True,2026-05-29T17:47:44.289,2026-05-29T17:47:44.327,0.03760274999967805
49,CGNE,30x30,1,0.7376,reconstructed_client49_CGNE_img1.png,2,6.161235069157556e-05,True,2026-05-29T17:47:51.126,2026-05-29T17:47:51.426,0.29998574999990524
49,CGNR,30x30,1,0.7376,reconstructed_client49_CGNR_img1.png,1,9.757505904417485e-05,True,2026-05-29T17:47:49.144,2026-05-29T17:47:49.161,0.016820750000078988
50,CGNE,30x30,1,1.3552,reconstructed_client50_CGNE_img1.png,3,7.162037945818156e-05,True,2026-05-29T17:47:52.728,2026-05-29T17:47:52.791,0.0628782499998124
50,CGNR,30x30,1,1.3552,reconstructed_client50_CGNR_img1.png,2,9.571630653226748e-05,True,2026-05-29T17:47:53.943,2026-05-29T17:47:53.994,0.05088808299979064
51,CGNE,60x60,6,1.4253,reconstructed_client51_CGNE_img6.png,10,1247016.5,False,2026-05-29T17:48:06.537,2026-05-29T17:48:08.528,1.9904174580001381
51,CGNR,60x60,6,1.4253,reconstructed_client51_CGNR_img6.png,10,36139.1484375,False,2026-05-29T17:48:01.763,2026-05-29T17:48:03.610,1.847447457999806
52,CGNE,60x60,5,0.8972,reconstructed_client52_CGNE_img5.png,8,9.307343862019479e-05,True,2026-05-29T17:48:04.744,2026-05-29T17:48:06.200,1.4561751669998557
52,CGNR,60x60,5,0.8972,reconstructed_client52_CGNR_img5.png,5,8.545932359993458e-05,True,2026-05-29T17:48:02.904,2026-05-29T17:48:03.867,0.9628036249996512
53,CGNE,60x60,6,1.4145,reconstructed_client53_CGNE_img6.png,10,1237565.75,False,2026-05-29T17:47:44.980,2026-05-29T17:47:45.991,1.0108527909997065
53,CGNR,60x60,6,1.4145,reconstructed_client53_CGNR_img6.png,10,35865.3125,False,2026-05-29T17:47:43.168,2026-05-29T17:47:44.118,0.9504434589998709
54,CGNE,60x60,4,1.0623,reconstructed_client54_CGNE_img4.png,6,9.835132368607447e-05,True,2026-05-29T17:48:17.156,2026-05-29T17:48:18.595,1.4388708330002373
54,CGNR,60x60,4,1.0623,reconstructed_client54_CGNR_img4.png,4,8.648130460642278e-05,True,2026-05-29T17:48:13.768,2026-05-29T17:48:14.936,1.1679172910003217
55,CGNE,60x60,4,1.0909,reconstructed_client55_CGNE_img4.png,7,9.551198309054598e-05,True,2026-05-29T17:48:16.952,2026-05-29T17:48:18.299,1.3479010420001032
55,CGNR,60x60,4,1.0909,reconstructed_client55_CGNR_img4.png,4,8.880960376700386e-05,True,2026-05-29T17:48:14.955,2026-05-29T17:48:15.704,0.7494098339998345
56,CGNE,30x30,2,0.9604,reconstructed_client56_CGNE_img2.png,3,7.563555118395016e-05,True,2026-05-29T17:48:04.727,2026-05-29T17:48:04.976,0.2482645830000365
56,CGNR,30x30,2,0.9604,reconstructed_client56_CGNR_img2.png,2,8.597117994213477e-05,True,2026-05-29T17:48:06.995,2026-05-29T17:48:07.488,0.4928732920002403
57,CGNE,30x30,2,1.2991,reconstructed_client57_CGNE_img2.png,4,7.835624273866415e-05,True,2026-05-29T17:47:44.638,2026-05-29T17:47:44.722,0.08369491699977516
57,CGNR,30x30,2,1.2991,reconstructed_client57_CGNR_img2.png,3,7.68136014812626e-05,True,2026-05-29T17:47:47.246,2026-05-29T17:47:47.301,0.054935542000293935
58,CGNE,60x60,4,1.3009,reconstructed_client58_CGNE_img4.png,8,8.724419603822753e-05,True,2026-05-29T17:48:18.158,2026-05-29T17:48:19.208,1.050317332999839
58,CGNR,60x60,4,1.3009,reconstructed_client58_CGNR_img4.png,5,8.402662206208333e-05,True,2026-05-29T17:48:17.642,2026-05-29T17:48:18.638,0.9962576660000195
59,CGNE,60x60,5,1.4783,reconstructed_client59_CGNE_img5.png,10,0.00013376507558859885,False,2026-05-29T17:47:51.375,2026-05-29T17:47:52.627,1.2520112500001233
59,CGNR,60x60,5,1.4783,reconstructed_client59_CGNR_img5.png,7,9.63710990617983e-05,True,2026-05-29T17:47:49.371,2026-05-29T17:47:50.146,0.774477041999944
60,CGNE,30x30,2,1.1877,reconstructed_client60_CGNE_img2.png,3,9.353618952445686e-05,True,2026-05-29T17:48:02.657,2026-05-29T17:48:03.030,0.37384925000014846
60,CGNR,30x30,2,1.1877,reconstructed_client60_CGNR_img2.png,3,7.022663339739665e-05,True,2026-05-29T17:48:01.763,2026-05-29T17:48:02.037,0.27400933300032193
61,CGNE,30x30,3,0.8316,reconstructed_client61_CGNE_img3.png,10,272314144.0,False,2026-05-29T17:47:50.291,2026-05-29T17:47:50.659,0.36838241699979335
61,CGNR,30x30,3,0.8316,reconstructed_client61_CGNR_img3.png,10,5257817.5,False,2026-05-29T17:47:48.384,2026-05-29T17:47:48.724,0.3395015420001073
62,CGNE,60x60,4,0.8886,reconstructed_client62_CGNE_img4.png,5,9.429418423678726e-05,True,2026-05-29T17:48:15.333,2026-05-29T17:48:16.633,1.3000977910000984
62,CGNR,60x60,4,0.8886,reconstructed_client62_CGNR_img4.png,3,9.799282997846603e-05,True,2026-05-29T17:48:16.224,2026-05-29T17:48:16.944,0.7202109170002586
63,CGNE,60x60,6,1.0785,reconstructed_client63_CGNE_img6.png,10,943594.625,False,2026-05-29T17:48:02.653,2026-05-29T17:48:04.753,2.099873832999947
63,CGNR,60x60,6,1.0785,reconstructed_client63_CGNR_img6.png,10,27345.873046875,False,2026-05-29T17:47:59.659,2026-05-29T17:48:01.740,2.0808624589999454
64,CGNE,30x30,1,1.2065,reconstructed_client64_CGNE_img1.png,3,6.376174133038148e-05,True,2026-05-29T17:47:51.266,2026-05-29T17:47:51.490,0.2243775000001733
64,CGNR,30x30,1,1.2065,reconstructed_client64_CGNR_img1.png,2,8.521368727087975e-05,True,2026-05-29T17:47:52.843,2026-05-29T17:47:52.889,0.045923874999971304
65,CGNE,60x60,6,0.6582,reconstructed_client65_CGNE_img6.png,10,575867.1875,False,2026-05-29T17:48:11.702,2026-05-29T17:48:14.209,2.5062880410000616
65,CGNR,60x60,6,0.6582,reconstructed_client65_CGNR_img6.png,10,16688.970703125,False,2026-05-29T17:48:13.932,2026-05-29T17:48:16.108,2.176075625000067
66,CGNE,60x60,4,1.0861,reconstructed_client66_CGNE_img4.png,7,9.509184747003019e-05,True,2026-05-29T17:47:48.747,2026-05-29T17:47:49.605,0.8582363749997057
66,CGNR,60x60,4,1.0861,reconstructed_client66_CGNR_img4.png,4,8.841887029120699e-05,True,2026-05-29T17:47:50.669,2026-05-29T17:47:51.389,0.7203678329997274
67,CGNE,30x30,1,0.629,reconstructed_client67_CGNE_img1.png,1,9.169746772386134e-05,True,2026-05-29T17:47:52.415,2026-05-29T17:47:52.446,0.03142304199991486
67,CGNR,30x30,1,0.629,reconstructed_client67_CGNR_img1.png,1,8.32086443551816e-05,True,2026-05-29T17:47:53.519,2026-05-29T17:47:53.540,0.020826041999953304
68,CGNE,60x60,5,1.3727,reconstructed_client68_CGNE_img5.png,10,0.00012420967686921358,False,2026-05-29T17:48:07.842,2026-05-29T17:48:09.933,2.090795334000177
68,CGNR,60x60,5,1.3727,reconstructed_client68_CGNR_img5.png,7,8.948698814492673e-05,True,2026-05-29T17:48:10.048,2026-05-29T17:48:11.437,1.3889416250003705
69,CGNE,30x30,1,0.6018,reconstructed_client69_CGNE_img1.png,1,8.773215813562274e-05,True,2026-05-29T17:47:59.547,2026-05-29T17:47:59.797,0.25026183399995716
69,CGNR,30x30,1,0.6018,reconstructed_client69_CGNR_img1.png,1,7.961039227666333e-05,True,2026-05-29T17:47:58.547,2026-05-29T17:47:58.665,0.11831729200002883
70,CGNE,30x30,3,0.9876,reconstructed_client70_CGNE_img3.png,10,323401952.0,False,2026-05-29T17:48:03.559,2026-05-29T17:48:04.411,0.8516432080000413
70,CGNR,30x30,3,0.9876,reconstructed_client70_CGNR_img3.png,10,6244132.5,False,2026-05-29T17:48:05.240,2026-05-29T17:48:05.935,0.6950094170001648
71,CGNE,60x60,6,0.7098,reconstructed_client71_CGNE_img6.png,10,621014.4375,False,2026-05-29T17:48:12.939,2026-05-29T17:48:15.007,2.0684680419999495
71,CGNR,60x60,6,0.7098,reconstructed_client71_CGNR_img6.png,10,17997.3125,False,2026-05-29T17:48:10.348,2026-05-29T17:48:12.445,2.0970942080002715
72,CGNE,60x60,6,0.6602,reconstructed_client72_CGNE_img6.png,10,577618.9375,False,2026-05-29T17:48:08.167,2026-05-29T17:48:10.037,1.8699049580000064
72,CGNR,60x60,6,0.6602,reconstructed_client72_CGNR_img6.png,10,16739.6796875,False,2026-05-29T17:48:05.753,2026-05-29T17:48:07.803,2.0503727080003955
73,CGNE,30x30,3,0.7814,reconstructed_client73_CGNE_img3.png,10,255878752.0,False,2026-05-29T17:47:46.596,2026-05-29T17:47:46.816,0.22037983400014127
73,CGNR,30x30,3,0.7814,reconstructed_client73_CGNR_img3.png,10,4940426.5,False,2026-05-29T17:47:44.017,2026-05-29T17:47:44.276,0.2590520409999044
74,CGNE,30x30,2,1.0348,reconstructed_client74_CGNE_img2.png,3,8.1494843470864e-05,True,2026-05-29T17:48:01.098,2026-05-29T17:48:01.753,0.6544724589998623
74,CGNR,30x30,2,1.0348,reconstructed_client74_CGNR_img2.png,2,9.263125684810802e-05,True,2026-05-29T17:48:00.155,2026-05-29T17:48:00.401,0.24657974999990984
75,CGNE,30x30,1,0.6192,reconstructed_client75_CGNE_img1.png,1,9.026878979057074e-05,True,2026-05-29T17:47:56.354,2026-05-29T17:47:56.458,0.10350620799999888
75,CGNR,30x30,1,0.6192,reconstructed_client75_CGNR_img1.png,1,8.19122651591897e-05,True,2026-05-29T17:47:57.705,2026-05-29T17:47:57.851,0.1466556249997666
76,CGNE,60x60,6,1.057,reconstructed_client76_CGNE_img6.png,10,924784.625,False,2026-05-29T17:47:57.777,2026-05-29T17:47:59.583,1.8068448340000032
76,CGNR,60x60,6,1.057,reconstructed_client76_CGNR_img6.png,10,26800.728515625,False,2026-05-29T17:47:58.764,2026-05-29T17:48:00.607,1.8437192920000598
77,CGNE,60x60,5,0.9766,reconstructed_client77_CGNE_img5.png,9,9.882332960842177e-05,True,2026-05-29T17:48:01.763,2026-05-29T17:48:03.547,1.7841858330002651
77,CGNR,60x60,5,0.9766,reconstructed_client77_CGNR_img5.png,5,9.30222449824214e-05,True,2026-05-29T17:48:00.618,2026-05-29T17:48:01.613,0.9944513749996986
78,CGNE,60x60,6,1.4962,reconstructed_client78_CGNE_img6.png,10,1309046.125,False,2026-05-29T17:48:05.555,2026-05-29T17:48:07.752,2.196754042000066
78,CGNR,60x60,6,1.4962,reconstructed_client78_CGNR_img6.png,10,37936.8515625,False,2026-05-29T17:48:03.765,2026-05-29T17:48:05.897,2.131951792000109
79,CGNE,60x60,4,0.9762,reconstructed_client79_CGNE_img4.png,6,9.038003190653399e-05,True,2026-05-29T17:48:00.583,2026-05-29T17:48:01.736,1.1525176249997457
79,CGNR,60x60,4,0.9762,reconstructed_client79_CGNR_img4.png,4,7.947201083879918e-05,True,2026-05-29T17:48:01.763,2026-05-29T17:48:02.484,0.7214431249999507
80,CGNE,60x60,4,1.2724,reconstructed_client80_CGNE_img4.png,8,8.533281652489677e-05,True,2026-05-29T17:47:46.018,2026-05-29T17:47:46.833,0.8154037909998806
80,CGNR,60x60,4,1.2724,reconstructed_client80_CGNR_img4.png,5,8.218569564633071e-05,True,2026-05-29T17:47:43.542,2026-05-29T17:47:44.052,0.5108405000000857
81,CGNE,30x30,1,1.0481,reconstructed_client81_CGNE_img1.png,2,8.754868031246588e-05,True,2026-05-29T17:47:44.881,2026-05-29T17:47:44.923,0.04239979200019661
81,CGNR,30x30,1,1.0481,reconstructed_client81_CGNR_img1.png,2,7.40261675673537e-05,True,2026-05-29T17:47:43.025,2026-05-29T17:47:43.060,0.034552542000255926
82,CGNE,60x60,6,1.0667,reconstructed_client82_CGNE_img6.png,10,933271.9375,False,2026-05-29T17:48:02.517,2026-05-29T17:48:04.615,2.0982103330002246
82,CGNR,60x60,6,1.0667,reconstructed_client82_CGNR_img6.png,10,27046.677734375,False,2026-05-29T17:48:00.994,2026-05-29T17:48:02.895,1.9013939579999715
83,CGNE,30x30,1,0.5037,reconstructed_client83_CGNE_img1.png,1,7.343086326727644e-05,True,2026-05-29T17:47:53.677,2026-05-29T17:47:53.707,0.030251749999933963
83,CGNR,30x30,1,0.5037,reconstructed_client83_CGNR_img1.png,1,6.663309613941237e-05,True,2026-05-29T17:47:52.521,2026-05-29T17:47:52.543,0.022175000000061118
84,CGNE,30x30,1,0.5986,reconstructed_client84_CGNE_img1.png,1,8.726571104489267e-05,True,2026-05-29T17:47:50.273,2026-05-29T17:47:50.305,0.03177316699975563
84,CGNR,30x30,1,0.5986,reconstructed_client84_CGNR_img1.png,1,7.91871061665006e-05,True,2026-05-29T17:47:52.251,2026-05-29T17:47:52.267,0.01599416699991707
85,CGNE,30x30,2,0.9186,reconstructed_client85_CGNE_img2.png,2,9.92299392237328e-05,True,2026-05-29T17:48:11.902,2026-05-29T17:48:12.506,0.6047447079999984
85,CGNR,30x30,2,0.9186,reconstructed_client85_CGNR_img2.png,2,8.222945325542241e-05,True,2026-05-29T17:48:06.593,2026-05-29T17:48:06.873,0.28029549999973824
86,CGNE,60x60,5,1.3638,reconstructed_client86_CGNE_img5.png,10,0.00012340440298430622,False,2026-05-29T17:47:51.520,2026-05-29T17:47:52.676,1.1550487909998992
86,CGNR,60x60,5,1.3638,reconstructed_client86_CGNR_img5.png,7,8.890681783668697e-05,True,2026-05-29T17:47:49.493,2026-05-29T17:47:50.280,0.786281584000335
87,CGNE,60x60,6,0.86,reconstructed_client87_CGNE_img6.png,10,752426.1875,False,2026-05-29T17:47:49.554,2026-05-29T17:47:51.113,1.5585243749997062
87,CGNR,60x60,6,0.86,reconstructed_client87_CGNR_img6.png,10,21805.703125,False,2026-05-29T17:47:47.189,2026-05-29T17:47:48.228,1.0390588330001265
88,CGNE,30x30,1,1.1761,reconstructed_client88_CGNE_img1.png,2,9.824062726693228e-05,True,2026-05-29T17:47:43.086,2026-05-29T17:47:43.123,0.037414500000068074
88,CGNR,30x30,1,1.1761,reconstructed_client88_CGNR_img1.png,2,8.306665404234082e-05,True,2026-05-29T17:47:45.446,2026-05-29T17:47:45.500,0.05366979199970956
89,CGNE,60x60,6,1.4763,reconstructed_client89_CGNE_img6.png,10,1291634.375,False,2026-05-29T17:48:04.608,2026-05-29T17:48:06.552,1.9447044579997055
89,CGNR,60x60,6,1.4763,reconstructed_client89_CGNR_img6.png,10,37432.27734375,False,2026-05-29T17:48:06.966,2026-05-29T17:48:09.140,2.1739381669999602
90,CGNE,60x60,5,1.2796,reconstructed_client90_CGNE_img5.png,10,0.0001157855149358511,False,2026-05-29T17:47:54.804,2026-05-29T17:47:56.531,1.7269120839996503
90,CGNR,60x60,5,1.2796,reconstructed_client90_CGNR_img5.png,6,9.939249866874889e-05,True,2026-05-29T17:47:56.147,2026-05-29T17:47:57.308,1.1610081250000803
91,CGNE,30x30,1,1.3086,reconstructed_client91_CGNE_img1.png,3,6.915767153259367e-05,True,2026-05-29T17:47:55.369,2026-05-29T17:47:55.488,0.11842745900003138
91,CGNR,30x30,1,1.3086,reconstructed_client91_CGNR_img1.png,2,9.242507803719491e-05,True,2026-05-29T17:47:52.597,2026-05-29T17:47:52.641,0.04398408399993059
92,CGNE,30x30,2,1.3402,reconstructed_client92_CGNE_img2.png,4,8.083526336122304e-05,True,2026-05-29T17:47:57.557,2026-05-29T17:47:57.957,0.4003421669999625
92,CGNR,30x30,2,1.3402,reconstructed_client92_CGNR_img2.png,3,7.924371311673895e-05,True,2026-05-29T17:47:56.159,2026-05-29T17:47:56.409,0.24944704200015622
93,CGNE,60x60,5,0.9133,reconstructed_client93_CGNE_img5.png,8,9.474359103478491e-05,True,2026-05-29T17:47:44.999,2026-05-29T17:47:45.749,0.7499777499997435
93,CGNR,60x60,5,0.9133,reconstructed_client93_CGNR_img5.png,5,8.699286263436079e-05,True,2026-05-29T17:47:47.451,2026-05-29T17:47:47.922,0.47079500000018015
94,CGNE,60x60,4,0.6566,reconstructed_client94_CGNE_img4.png,4,7.924233796074986e-05,True,2026-05-29T17:47:44.679,2026-05-29T17:47:45.023,0.3432590000002165
94,CGNR,60x60,4,0.6566,reconstructed_client94_CGNR_img4.png,3,7.240838021971285e-05,True,2026-05-29T17:47:47.275,2026-05-29T17:47:47.511,0.2362223330001143
95,CGNE,30x30,2,1.3327,reconstructed_client95_CGNE_img2.png,4,8.038293162826449e-05,True,2026-05-29T17:47:45.587,2026-05-29T17:47:45.684,0.09757225000021208
95,CGNR,30x30,2,1.3327,reconstructed_client95_CGNR_img2.png,3,7.880022167228162e-05,True,2026-05-29T17:47:42.955,2026-05-29T17:47:43.037,0.08234208400017451
96,CGNE,60x60,5,0.647,reconstructed_client96_CGNE_img5.png,5,9.469733777223155e-05,True,2026-05-29T17:48:00.985,2026-05-29T17:48:02.117,1.131260624999868
96,CGNR,60x60,5,0.647,reconstructed_client96_CGNR_img5.png,4,8.116742537822574e-05,True,2026-05-29T17:48:03.038,2026-05-29T17:48:04.043,1.0056697089999034
97,CGNE,30x30,3,1.1584,reconstructed_client97_CGNE_img3.png,10,379332128.0,False,2026-05-29T17:48:01.028,2026-05-29T17:48:01.624,0.5955883749998065
97,CGNR,30x30,3,1.1584,reconstructed_client97_CGNR_img3.png,10,7324021.0,False,2026-05-29T17:48:00.137,2026-05-29T17:48:00.590,0.4524349590001293
98,CGNE,60x60,4,0.5661,reconstructed_client98_CGNE_img4.png,3,8.893643826013431e-05,True,2026-05-29T17:47:48.034,2026-05-29T17:47:48.387,0.3537973329998749
98,CGNR,60x60,4,0.5661,reconstructed_client98_CGNR_img4.png,2,8.765127859078348e-05,True,2026-05-29T17:47:45.604,2026-05-29T17:47:45.780,0.1755961250000837
99,CGNE,30x30,3,0.9369,reconstructed_client99_CGNE_img3.png,10,306798944.0,False,2026-05-29T17:48:08.534,2026-05-29T17:48:09.323,0.7889983750001193
99,CGNR,30x30,3,0.9369,reconstructed_client99_CGNR_img3.png,10,5923580.5,False,2026-05-29T17:48:10.149,2026-05-29T17:48:10.601,0.4518047500000648
100,CGNE,30x30,2,1.4468,reconstructed_client100_CGNE_img2.png,4,8.726487430976704e-05,True,2026-05-29T17:48:02.136,2026-05-29T17:48:02.514,0.37818787499963946
100,CGNR,30x30,2,1.4468,reconstructed_client100_CGNR_img2.png,3,8.554679516237229e-05,True,2026-05-29T17:48:03.164,2026-05-29T17:48:03.561,0.3961294169998837
101,CGNE,60x60,5,0.7814,reconstructed_client101_CGNE_img5.png,7,9.369018516736105e-05,True,2026-05-29T17:48:00.221,2026-05-29T17:48:01.766,1.5448957500002507
101,CGNR,60x60,5,0.7814,reconstructed_client101_CGNR_img5.png,4,9.802819113247097e-05,True,2026-05-29T17:47:58.846,2026-05-29T17:47:59.473,0.6264736250000169
102,CGNE,30x30,1,1.4755,reconstructed_client102_CGNE_img1.png,3,7.797820580890402e-05,True,2026-05-29T17:48:02.203,2026-05-29T17:48:02.505,0.30141920799997024
102,CGNR,30x30,1,1.4755,reconstructed_client102_CGNR_img1.png,3,6.243465031730011e-05,True,2026-05-29T17:48:03.261,2026-05-29T17:48:03.562,0.30027045900033045
103,CGNE,60x60,6,1.1129,reconstructed_client103_CGNE_img6.png,10,973693.6875,False,2026-05-29T17:47:45.435,2026-05-29T17:47:46.389,0.9539076669998394
103,CGNR,60x60,6,1.1129,reconstructed_client103_CGNR_img6.png,10,28218.099609375,False,2026-05-29T17:47:42.975,2026-05-29T17:47:44.018,1.0427084580001065
104,CGNE,60x60,6,1.1231,reconstructed_client104_CGNE_img6.png,10,982617.125,False,2026-05-29T17:48:13.146,2026-05-29T17:48:15.506,2.360062792000008
104,CGNR,60x60,6,1.1231,reconstructed_client104_CGNR_img6.png,10,28476.7265625,False,2026-05-29T17:48:10.909,2026-05-29T17:48:12.934,2.0253162500002873
105,CGNE,30x30,2,0.5593,reconstructed_client105_CGNE_img2.png,1,9.991284605348483e-05,True,2026-05-29T17:48:04.621,2026-05-29T17:48:04.844,0.22350179100021705
105,CGNR,30x30,2,0.5593,reconstructed_client105_CGNR_img2.png,1,8.944759611040354e-05,True,2026-05-29T17:48:06.874,2026-05-29T17:48:07.388,0.513313874999767
106,CGNE,30x30,2,1.3499,reconstructed_client106_CGNE_img2.png,4,8.142024307744578e-05,True,2026-05-29T17:48:02.610,2026-05-29T17:48:02.858,0.24808987500000512
106,CGNR,30x30,2,1.3499,reconstructed_client106_CGNR_img2.png,3,7.981729140738025e-05,True,2026-05-29T17:48:01.631,2026-05-29T17:48:01.948,0.31744779100017695
107,CGNE,60x60,5,1.3587,reconstructed_client107_CGNE_img5.png,10,0.00012294284533709288,False,2026-05-29T17:48:16.360,2026-05-29T17:48:18.398,2.0384287920001043
107,CGNR,60x60,5,1.3587,reconstructed_client107_CGNR_img5.png,7,8.857428474584594e-05,True,2026-05-29T17:48:16.113,2026-05-29T17:48:17.540,1.4276658750000024
108,CGNE,60x60,6,1.3899,reconstructed_client108_CGNE_img6.png,10,1216043.5,False,2026-05-29T17:48:14.216,2026-05-29T17:48:16.437,2.2207888749999256
108,CGNR,60x60,6,1.3899,reconstructed_client108_CGNR_img6.png,10,35241.56640625,False,2026-05-29T17:48:16.041,2026-05-29T17:48:18.119,2.0778470420000303
109,CGNE,30x30,3,1.0447,reconstructed_client109_CGNE_img3.png,10,342097440.0,False,2026-05-29T17:47:53.394,2026-05-29T17:47:53.585,0.19065308300014294
109,CGNR,30x30,3,1.0447,reconstructed_client109_CGNR_img3.png,10,6605149.5,False,2026-05-29T17:47:51.921,2026-05-29T17:47:52.118,0.1970854999999574
110,CGNE,30x30,3,0.5407,reconstructed_client110_CGNE_img3.png,10,177058656.0,False,2026-05-29T17:47:54.427,2026-05-29T17:47:54.619,0.19245962500008318
110,CGNR,30x30,3,0.5407,reconstructed_client110_CGNR_img3.png,10,3418593.0,False,2026-05-29T17:47:53.162,2026-05-29T17:47:53.343,0.1810091669999565
111,CGNE,30x30,3,1.3535,reconstructed_client111_CGNE_img3.png,10,443221152.0,False,2026-05-29T17:47:50.957,2026-05-29T17:47:51.511,0.5548032920000878
111,CGNR,30x30,3,1.3535,reconstructed_client111_CGNR_img3.png,10,8557547.0,False,2026-05-29T17:47:48.913,2026-05-29T17:47:49.199,0.28585954199979824
112,CGNE,30x30,2,1.3311,reconstructed_client112_CGNE_img2.png,4,8.028638694668189e-05,True,2026-05-29T17:48:16.390,2026-05-29T17:48:16.973,0.5833268340002178
112,CGNR,30x30,2,1.3311,reconstructed_client112_CGNR_img2.png,3,7.870565605117008e-05,True,2026-05-29T17:48:16.803,2026-05-29T17:48:17.154,0.3503472500001408
113,CGNE,30x30,2,1.2308,reconstructed_client113_CGNE_img2.png,3,9.693047468317673e-05,True,2026-05-29T17:47:47.732,2026-05-29T17:47:47.796,0.06426620799993543
113,CGNR,30x30,2,1.2308,reconstructed_client113_CGNR_img2.png,3,7.277503027580678e-05,True,2026-05-29T17:47:49.963,2026-05-29T17:47:50.035,0.0726816249998592
114,CGNE,30x30,1,0.7084,reconstructed_client114_CGNE_img1.png,2,5.9173282352276146e-05,True,2026-05-29T17:48:04.415,2026-05-29T17:48:04.725,0.30998600000020815
114,CGNR,30x30,1,0.7084,reconstructed_client114_CGNR_img1.png,1,9.371234773425385e-05,True,2026-05-29T17:48:06.560,2026-05-29T17:48:06.662,0.10237075000031837
115,CGNE,30x30,2,0.5913,reconstructed_client115_CGNE_img2.png,2,6.387401663232595e-05,True,2026-05-29T17:47:52.950,2026-05-29T17:47:52.993,0.043312290999892866
115,CGNR,30x30,2,0.5913,reconstructed_client115_CGNR_img2.png,1,9.456530824536458e-05,True,2026-05-29T17:47:54.198,2026-05-29T17:47:54.216,0.017358084000079543
116,CGNE,30x30,1,1.0872,reconstructed_client116_CGNE_img1.png,2,9.081461757887155e-05,True,2026-05-29T17:47:49.669,2026-05-29T17:47:49.741,0.07183008299989524
116,CGNR,30x30,1,1.0872,reconstructed_client116_CGNR_img1.png,2,7.678772090002894e-05,True,2026-05-29T17:47:51.784,2026-05-29T17:47:51.828,0.04385258399997838
117,CGNE,30x30,1,0.7321,reconstructed_client117_CGNE_img1.png,2,6.115289579611272e-05,True,2026-05-29T17:47:47.010,2026-05-29T17:47:47.049,0.039061750000200846
117,CGNR,30x30,1,0.7321,reconstructed_client117_CGNR_img1.png,1,9.684741235105321e-05,True,2026-05-29T17:47:44.419,2026-05-29T17:47:44.436,0.01767258400013816
118,CGNE,30x30,3,1.018,reconstructed_client118_CGNE_img3.png,10,333355328.0,False,2026-05-29T17:47:52.489,2026-05-29T17:47:52.716,0.22742541700017682
118,CGNR,30x30,3,1.018,reconstructed_client118_CGNR_img3.png,10,6436337.5,False,2026-05-29T17:47:53.958,2026-05-29T17:47:54.199,0.2408194999998159
119,CGNE,30x30,2,1.1659,reconstructed_client119_CGNE_img2.png,3,9.181923815049231e-05,True,2026-05-29T17:47:48.995,2026-05-29T17:47:49.082,0.08688241699974242
119,CGNR,30x30,2,1.1659,reconstructed_client119_CGNR_img2.png,3,6.89376174705103e-05,True,2026-05-29T17:47:51.009,2026-05-29T17:47:51.372,0.3631393340001523
120,CGNE,30x30,2,0.533,reconstructed_client120_CGNE_img2.png,1,9.521460742689669e-05,True,2026-05-29T17:47:57.256,2026-05-29T17:47:57.404,0.1479991669998526
120,CGNR,30x30,2,0.533,reconstructed_client120_CGNR_img2.png,1,8.524148870492354e-05,True,2026-05-29T17:47:55.496,2026-05-29T17:47:55.570,0.0740424579998944
121,CGNE,30x30,3,0.6056,reconstructed_client121_CGNE_img3.png,10,198310048.0,False,2026-05-29T17:47:49.081,2026-05-29T17:47:49.338,0.25614954200000284
121,CGNR,30x30,3,0.6056,reconstructed_client121_CGNR_img3.png,10,3828925.25,False,2026-05-29T17:47:46.727,2026-05-29T17:47:46.919,0.19184391699991465
122,CGNE,30x30,2,1.4583,reconstructed_client122_CGNE_img2.png,4,8.795848407316953e-05,True,2026-05-29T17:48:01.951,2026-05-29T17:48:02.304,0.3536392500000147
122,CGNR,30x30,2,1.4583,reconstructed_client122_CGNR_img2.png,3,8.622670429758728e-05,True,2026-05-29T17:48:00.747,2026-05-29T17:48:00.991,0.24416724999991857
123,CGNE,60x60,4,1.0525,reconstructed_client123_CGNE_img4.png,6,9.744431008584797e-05,True,2026-05-29T17:47:43.210,2026-05-29T17:47:43.731,0.5210766249997505
123,CGNR,60x60,4,1.0525,reconstructed_client123_CGNR_img4.png,4,8.568356861360371e-05,True,2026-05-29T17:47:45.251,2026-05-29T17:47:45.687,0.4358493750000889
124,CGNE,30x30,2,1.178,reconstructed_client124_CGNE_img2.png,3,9.27723158383742e-05,True,2026-05-29T17:47:53.123,2026-05-29T17:47:53.193,0.07009087500000533
124,CGNR,30x30,2,1.178,reconstructed_client124_CGNR_img2.png,3,6.965309148654342e-05,True,2026-05-29T17:47:54.375,2026-05-29T17:47:54.432,0.05637845799992647
125,CGNE,30x30,3,0.5374,reconstructed_client125_CGNE_img3.png,10,175978272.0,False,2026-05-29T17:47:43.855,2026-05-29T17:47:44.082,0.22792570799992973
125,CGNR,30x30,3,0.5374,reconstructed_client125_CGNR_img3.png,10,3397728.75,False,2026-05-29T17:47:46.429,2026-05-29T17:47:46.646,0.21671558299976823
126,CGNE,60x60,4,0.982,reconstructed_client126_CGNE_img4.png,6,9.091693937079981e-05,True,2026-05-29T17:47:55.320,2026-05-29T17:47:56.391,1.0716312090003157
126,CGNR,60x60,4,0.982,reconstructed_client126_CGNR_img4.png,4,7.994413317646831e-05,True,2026-05-29T17:47:56.943,2026-05-29T17:47:57.811,0.8686635840003873
127,CGNE,60x60,4,1.4384,reconstructed_client127_CGNE_img4.png,8,9.646551188779995e-05,True,2026-05-29T17:48:04.050,2026-05-29T17:48:05.749,1.698791374999928
127,CGNR,60x60,4,1.4384,reconstructed_client127_CGNR_img4.png,5,9.290791786042973e-05,True,2026-05-29T17:48:06.120,2026-05-29T17:48:07.427,1.3074401250000847
128,CGNE,60x60,5,1.0787,reconstructed_client128_CGNE_img5.png,10,9.760710236150771e-05,True,2026-05-29T17:47:54.778,2026-05-29T17:47:56.417,1.6385039159999906
128,CGNR,60x60,5,1.0787,reconstructed_client128_CGNR_img5.png,6,8.37876505102031e-05,True,2026-05-29T17:47:53.447,2026-05-29T17:47:53.935,0.48724904200025776
129,CGNE,60x60,6,1.2742,reconstructed_client129_CGNE_img6.png,10,1114817.25,False,2026-05-29T17:47:48.096,2026-05-29T17:47:49.471,1.3751889169998321
129,CGNR,60x60,6,1.2742,reconstructed_client129_CGNR_img6.png,10,32307.9375,False,2026-05-29T17:47:45.615,2026-05-29T17:47:46.535,0.9198301250003169
130,CGNE,60x60,4,0.5518,reconstructed_client130_CGNE_img4.png,3,8.668982627568766e-05,True,2026-05-29T17:48:09.045,2026-05-29T17:48:09.620,0.5750182500000847
130,CGNR,60x60,4,0.5518,reconstructed_client130_CGNR_img4.png,2,8.543713920516893e-05,True,2026-05-29T17:48:10.618,2026-05-29T17:48:11.282,0.6640385000000606
131,CGNE,60x60,4,0.8506,reconstructed_client131_CGNE_img4.png,5,9.02618994587101e-05,True,2026-05-29T17:48:09.629,2026-05-29T17:48:10.959,1.3306472499998563
131,CGNR,60x60,4,0.8506,reconstructed_client131_CGNR_img4.png,3,9.380224219057709e-05,True,2026-05-29T17:48:07.741,2026-05-29T17:48:08.333,0.5918190410002353
132,CGNE,60x60,5,0.5746,reconstructed_client132_CGNE_img5.png,5,8.410058217123151e-05,True,2026-05-29T17:47:50.413,2026-05-29T17:47:51.254,0.8403179590000036
132,CGNR,60x60,5,0.5746,reconstructed_client132_CGNR_img5.png,4,7.20847092452459e-05,True,2026-05-29T17:47:48.458,2026-05-29T17:47:49.024,0.5665525000003981
133,CGNE,30x30,2,0.7594,reconstructed_client133_CGNE_img2.png,2,8.203274046536535e-05,True,2026-05-29T17:48:15.805,2026-05-29T17:48:16.040,0.23506145800001832
133,CGNR,30x30,2,0.7594,reconstructed_client133_CGNR_img2.png,2,6.797848618589342e-05,True,2026-05-29T17:48:12.452,2026-05-29T17:48:12.692,0.23998379199974806
134,CGNE,30x30,1,0.6406,reconstructed_client134_CGNE_img1.png,1,9.338853124063462e-05,True,2026-05-29T17:48:07.496,2026-05-29T17:48:07.820,0.3235552500000267
134,CGNR,30x30,1,0.6406,reconstructed_client134_CGNR_img1.png,1,8.474315836792812e-05,True,2026-05-29T17:48:04.977,2026-05-29T17:48:05.290,0.313167834000069
135,CGNE,30x30,1,1.1584,reconstructed_client135_CGNE_img1.png,2,9.676202171249315e-05,True,2026-05-29T17:48:01.134,2026-05-29T17:48:01.759,0.625290583000151
135,CGNR,30x30,1,1.1584,reconstructed_client135_CGNR_img1.png,2,8.181651355698705e-05,True,2026-05-29T17:48:02.517,2026-05-29T17:48:02.688,0.1712010830001418
136,CGNE,60x60,6,0.824,reconstructed_client136_CGNE_img6.png,10,720928.75,False,2026-05-29T17:48:13.324,2026-05-29T17:48:15.788,2.4641837079998368
136,CGNR,60x60,6,0.824,reconstructed_client136_CGNR_img6.png,10,20892.90625,False,2026-05-29T17:48:15.865,2026-05-29T17:48:17.777,1.9129150409999056
137,CGNE,30x30,2,1.2478,reconstructed_client137_CGNE_img2.png,3,9.826939640333876e-05,True,2026-05-29T17:48:12.620,2026-05-29T17:48:13.071,0.4506047920003766
137,CGNR,30x30,2,1.2478,reconstructed_client137_CGNR_img2.png,3,7.378031295957044e-05,True,2026-05-29T17:48:14.418,2026-05-29T17:48:15.047,0.6285699169998225
138,CGNE,60x60,4,1.2287,reconstructed_client138_CGNE_img4.png,8,8.240216266131029e-05,True,2026-05-29T17:47:52.805,2026-05-29T17:47:53.454,0.6492330830001265
138,CGNR,60x60,4,1.2287,reconstructed_client138_CGNR_img4.png,5,7.936313340906054e-05,True,2026-05-29T17:47:54.123,2026-05-29T17:47:54.512,0.3882407080000121
139,CGNE,60x60,5,0.9233,reconstructed_client139_CGNE_img5.png,8,9.578098251949996e-05,True,2026-05-29T17:47:43.651,2026-05-29T17:47:44.513,0.8616362080001636
139,CGNR,60x60,5,0.9233,reconstructed_client139_CGNR_img5.png,5,8.794535096967593e-05,True,2026-05-29T17:47:46.239,2026-05-29T17:47:46.758,0.5190342500000042
140,CGNE,60x60,4,1.3663,reconstructed_client140_CGNE_img4.png,8,9.163023059954867e-05,True,2026-05-29T17:48:07.506,2026-05-29T17:48:09.166,1.6599435829998583
140,CGNR,60x60,4,1.3663,reconstructed_client140_CGNR_img4.png,5,8.825091936159879e-05,True,2026-05-29T17:48:11.073,2026-05-29T17:48:12.287,1.2135878750000302
141,CGNE,60x60,6,0.5802,reconstructed_client141_CGNE_img6.png,10,507625.46875,False,2026-05-29T17:48:11.643,2026-05-29T17:48:13.927,2.2841587920001984
141,CGNR,60x60,6,0.5802,reconstructed_client141_CGNR_img6.png,10,14711.2431640625,False,2026-05-29T17:48:08.279,2026-05-29T17:48:10.222,1.9428816250001546
142,CGNE,60x60,6,0.9232,reconstructed_client142_CGNE_img6.png,10,807723.125,False,2026-05-29T17:48:10.037,2026-05-29T17:48:12.091,2.054329083000084
142,CGNR,60x60,6,0.9232,reconstructed_client142_CGNR_img6.png,10,23408.169921875,False,2026-05-29T17:48:12.296,2026-05-29T17:48:14.316,2.019757208000101
143,CGNE,60x60,6,1.3139,reconstructed_client143_CGNE_img6.png,10,1149550.75,False,2026-05-29T17:48:07.037,2026-05-29T17:48:09.231,2.194543542000247
143,CGNR,60x60,6,1.3139,reconstructed_client143_CGNR_img6.png,10,33314.546875,False,2026-05-29T17:48:04.760,2026-05-29T17:48:06.637,1.8767631250002523
144,CGNE,30x30,2,0.7772,reconstructed_client144_CGNE_img2.png,2,8.395547774853185e-05,True,2026-05-29T17:47:54.914,2026-05-29T17:47:54.974,0.05980737499976385
144,CGNR,30x30,2,0.7772,reconstructed_client144_CGNR_img2.png,2,6.957186269573867e-05,True,2026-05-29T17:47:56.379,2026-05-29T17:47:56.516,0.13693633399998362
145,CGNE,30x30,3,1.4969,reconstructed_client145_CGNE_img3.png,10,490177728.0,False,2026-05-29T17:48:03.829,2026-05-29T17:48:04.605,0.7764855420000458
145,CGNR,30x30,3,1.4969,reconstructed_client145_CGNR_img3.png,10,9464198.0,False,2026-05-29T17:48:05.904,2026-05-29T17:48:06.539,0.6345455830000901
146,CGNE,60x60,4,1.4679,reconstructed_client146_CGNE_img4.png,8,9.844391024671495e-05,True,2026-05-29T17:47:47.620,2026-05-29T17:47:48.780,1.1607579169999553
146,CGNR,60x60,4,1.4679,reconstructed_client146_CGNR_img4.png,5,9.481333108851686e-05,True,2026-05-29T17:47:45.073,2026-05-29T17:47:45.572,0.4993120409999392
147,CGNE,30x30,2,0.7179,reconstructed_client147_CGNE_img2.png,2,7.754981925245374e-05,True,2026-05-29T17:48:15.686,2026-05-29T17:48:15.861,0.17477154100015468
147,CGNR,30x30,2,0.7179,reconstructed_client147_CGNR_img2.png,2,6.426357140298933e-05,True,2026-05-29T17:48:15.962,2026-05-29T17:48:16.283,0.3204782089997025
148,CGNE,30x30,1,0.8288,reconstructed_client148_CGNE_img1.png,2,6.923035834915936e-05,True,2026-05-29T17:47:57.164,2026-05-29T17:47:57.411,0.24659854200035625
148,CGNR,30x30,1,0.8288,reconstructed_client148_CGNR_img1.png,2,5.853724360349588e-05,True,2026-05-29T17:47:55.449,2026-05-29T17:47:55.569,0.11976208399983079
149,CGNE,30x30,1,0.8078,reconstructed_client149_CGNE_img1.png,2,6.747611041646451e-05,True,2026-05-29T17:47:49.517,2026-05-29T17:47:49.568,0.0512105419998079
149,CGNR,30x30,1,0.8078,reconstructed_client149_CGNR_img1.png,2,5.705400326405652e-05,True,2026-05-29T17:47:47.015,2026-05-29T17:47:47.046,0.030661541999961628
150,CGNE,30x30,3,0.6241,reconstructed_client150_CGNE_img3.png,10,204369216.0,False,2026-05-29T17:48:09.029,2026-05-29T17:48:09.488,0.459220791000007
150,CGNR,30x30,3,0.6241,reconstructed_client150_CGNR_img3.png,10,3945892.25,False,2026-05-29T17:48:06.664,2026-05-29T17:48:07.490,0.82659458299986
151,CGNE,30x30,2,1.3028,reconstructed_client151_CGNE_img2.png,4,7.85795709816739e-05,True,2026-05-29T17:47:52.328,2026-05-29T17:47:52.410,0.0813794170003348
151,CGNR,30x30,2,1.3028,reconstructed_client151_CGNR_img2.png,3,7.703230221522972e-05,True,2026-05-29T17:47:53.460,2026-05-29T17:47:53.525,0.06505787500009319
152,CGNE,30x30,1,1.0649,reconstructed_client152_CGNE_img1.png,2,8.895189967006445e-05,True,2026-05-29T17:47:44.236,2026-05-29T17:47:44.278,0.04152775000011388
152,CGNR,30x30,1,1.0649,reconstructed_client152_CGNR_img1.png,2,7.52127161831595e-05,True,2026-05-29T17:47:43.016,2026-05-29T17:47:43.054,0.03811174999964351
153,CGNE,30x30,3,1.1768,reconstructed_client153_CGNE_img3.png,10,385353120.0,False,2026-05-29T17:47:46.194,2026-05-29T17:47:46.511,0.31688245799978176
153,CGNR,30x30,3,1.1768,reconstructed_client153_CGNR_img3.png,10,7440355.5,False,2026-05-29T17:47:43.726,2026-05-29T17:47:43.967,0.24123183299980155
154,CGNE,30x30,3,1.2863,reconstructed_client154_CGNE_img3.png,10,421213408.0,False,2026-05-29T17:48:02.862,2026-05-29T17:48:03.442,0.5802584590001061
154,CGNR,30x30,3,1.2863,reconstructed_client154_CGNR_img3.png,10,8132672.5,False,2026-05-29T17:48:01.763,2026-05-29T17:48:02.483,0.7199454589999732
155,CGNE,30x30,3,0.5937,reconstructed_client155_CGNE_img3.png,10,194413584.0,False,2026-05-29T17:47:59.427,2026-05-29T17:47:59.986,0.5590162499997859
155,CGNR,30x30,3,0.5937,reconstructed_client155_CGNR_img3.png,10,3753687.25,False,2026-05-29T17:47:58.326,2026-05-29T17:47:58.794,0.46739170800037755
156,CGNE,30x30,2,1.0768,reconstructed_client156_CGNE_img2.png,3,8.480241376673803e-05,True,2026-05-29T17:48:02.044,2026-05-29T17:48:02.372,0.3276000410000961
156,CGNR,30x30,2,1.0768,reconstructed_client156_CGNR_img2.png,2,9.639081690693274e-05,True,2026-05-29T17:48:00.762,2026-05-29T17:48:00.994,0.2319812920000004
157,CGNE,30x30,3,1.1753,reconstructed_client157_CGNE_img3.png,10,384865504.0,False,2026-05-29T17:48:15.860,2026-05-29T17:48:16.332,0.47167691699996794
157,CGNR,30x30,3,1.1753,reconstructed_client157_CGNR_img3.png,10,7430872.0,False,2026-05-29T17:48:13.597,2026-05-29T17:48:14.571,0.9733422499998596
158,CGNE,60x60,5,1.2731,reconstructed_client158_CGNE_img5.png,10,0.00011519749386934564,False,2026-05-29T17:47:55.459,2026-05-29T17:47:57.241,1.781526333000329
158,CGNR,60x60,5,1.2731,reconstructed_client158_CGNR_img5.png,6,9.88876199699007e-05,True,2026-05-29T17:47:57.149,2026-05-29T17:47:58.265,1.1165031670002463
159,CGNE,30x30,1,1.3249,reconstructed_client159_CGNE_img1.png,3,7.001906487857923e-05,True,2026-05-29T17:48:07.814,2026-05-29T17:48:08.360,0.5465215419999367
159,CGNR,30x30,1,1.3249,reconstructed_client159_CGNR_img1.png,2,9.357621456729248e-05,True,2026-05-29T17:48:09.971,2026-05-29T17:48:10.207,0.23635445900026752
160,CGNE,30x30,2,1.1126,reconstructed_client160_CGNE_img2.png,3,8.762167271925136e-05,True,2026-05-29T17:47:53.804,2026-05-29T17:47:53.877,0.07347816700030307
160,CGNR,30x30,2,1.1126,reconstructed_client160_CGNR_img2.png,2,9.959547605831176e-05,True,2026-05-29T17:47:52.668,2026-05-29T17:47:52.705,0.037268333999691095
161,CGNE,60x60,4,0.8024,reconstructed_client161_CGNE_img4.png,4,9.683828830020502e-05,True,2026-05-29T17:47:47.682,2026-05-29T17:47:48.262,0.5802924159997929
161,CGNR,60x60,4,0.8024,reconstructed_client161_CGNR_img4.png,3,8.848687139106914e-05,True,2026-05-29T17:47:45.142,2026-05-29T17:47:45.448,0.30636533300003066
162,CGNE,60x60,4,1.4081,reconstructed_client162_CGNE_img4.png,8,9.443352610105649e-05,True,2026-05-29T17:47:58.579,2026-05-29T17:48:00.138,1.5586479590001545
162,CGNR,60x60,4,1.4081,reconstructed_client162_CGNR_img4.png,5,9.095080167753622e-05,True,2026-05-29T17:47:59.758,2026-05-29T17:48:00.812,1.0532686659998944
163,CGNE,60x60,5,1.0269,reconstructed_client163_CGNE_img5.png,10,9.291974129155278e-05,True,2026-05-29T17:47:54.907,2026-05-29T17:47:56.621,1.7134759169998688
163,CGNR,60x60,5,1.0269,reconstructed_client163_CGNR_img5.png,5,9.781338303582743e-05,True,2026-05-29T17:47:53.669,2026-05-29T17:47:54.136,0.46630558399965594
164,CGNE,60x60,6,0.6479,reconstructed_client164_CGNE_img6.png,10,566856.1875,False,2026-05-29T17:48:17.943,2026-05-29T17:48:19.291,1.3471876250000605
164,CGNR,60x60,6,0.6479,reconstructed_client164_CGNR_img6.png,10,16427.80859375,False,2026-05-29T17:48:16.285,2026-05-29T17:48:18.149,1.8640230000000884
165,CGNE,60x60,6,1.3858,reconstructed_client165_CGNE_img6.png,10,1212457.5,False,2026-05-29T17:48:12.814,2026-05-29T17:48:14.948,2.1340634160001173
165,CGNR,60x60,6,1.3858,reconstructed_client165_CGNR_img6.png,10,35137.60546875,False,2026-05-29T17:48:10.603,2026-05-29T17:48:12.557,1.9546667909999087
166,CGNE,30x30,1,1.3586,reconstructed_client166_CGNE_img1.png,3,7.180008105933666e-05,True,2026-05-29T17:48:12.509,2026-05-29T17:48:12.799,0.2903421249998246
166,CGNR,30x30,1,1.3586,reconstructed_client166_CGNR_img1.png,2,9.595640585757792e-05,True,2026-05-29T17:48:10.228,2026-05-29T17:48:10.444,0.21674174999998286
167,CGNE,60x60,5,0.8891,reconstructed_client167_CGNE_img5.png,8,9.22331164474599e-05,True,2026-05-29T17:48:14.163,2026-05-29T17:48:15.854,1.6903019999999742
167,CGNR,60x60,5,0.8891,reconstructed_client167_CGNR_img5.png,5,8.46877446747385e-05,True,2026-05-29T17:48:11.858,2026-05-29T17:48:13.247,1.3893572080000922
168,CGNE,60x60,4,1.1153,reconstructed_client168_CGNE_img4.png,7,9.764861897565424e-05,True,2026-05-29T17:48:00.996,2026-05-29T17:48:02.487,1.4911063330000616
168,CGNR,60x60,4,1.1153,reconstructed_client168_CGNR_img4.png,4,9.079602750716731e-05,True,2026-05-29T17:47:59.590,2026-05-29T17:48:00.507,0.9174950839997109
169,CGNE,30x30,1,0.7186,reconstructed_client169_CGNE_img1.png,2,6.002521331538446e-05,True,2026-05-29T17:48:10.385,2026-05-29T17:48:10.718,0.33266262500001176
169,CGNR,30x30,1,0.7186,reconstructed_client169_CGNR_img1.png,1,9.506155765848234e-05,True,2026-05-29T17:48:12.694,2026-05-29T17:48:12.975,0.28057779200025834
170,CGNE,60x60,4,1.096,reconstructed_client170_CGNE_img4.png,7,9.595858136890456e-05,True,2026-05-29T17:48:03.268,2026-05-29T17:48:04.968,1.7004993330001525
170,CGNR,60x60,4,1.096,reconstructed_client170_CGNR_img4.png,4,8.922480628825724e-05,True,2026-05-29T17:48:02.471,2026-05-29T17:48:03.107,0.6360537499999737
171,CGNE,30x30,1,1.2282,reconstructed_client171_CGNE_img1.png,3,6.490863597718999e-05,True,2026-05-29T17:48:03.877,2026-05-29T17:48:04.413,0.5359511249998832
171,CGNR,30x30,1,1.2282,reconstructed_client171_CGNR_img1.png,2,8.67464259499684e-05,True,2026-05-29T17:48:05.938,2026-05-29T17:48:06.582,0.6434999170000992
172,CGNE,60x60,6,1.3048,reconstructed_client172_CGNE_img6.png,10,1141587.125,False,2026-05-29T17:48:14.660,2026-05-29T17:48:16.827,2.1666749169999093
172,CGNR,60x60,6,1.3048,reconstructed_client172_CGNR_img6.png,10,33083.81640625,False,2026-05-29T17:48:15.757,2026-05-29T17:48:17.635,1.8776547920001576
173,CGNE,60x60,4,1.0443,reconstructed_client173_CGNE_img4.png,6,9.668488928582519e-05,True,2026-05-29T17:48:12.996,2026-05-29T17:48:14.413,1.4171017919998121
173,CGNR,60x60,4,1.0443,reconstructed_client173_CGNR_img4.png,4,8.501594857079908e-05,True,2026-05-29T17:48:10.704,2026-05-29T17:48:11.636,0.9322127080004066
174,CGNE,60x60,6,1.4514,reconstructed_client174_CGNE_img6.png,10,1269849.125,False,2026-05-29T17:47:47.127,2026-05-29T17:47:48.169,1.0422236250001333
174,CGNR,60x60,6,1.4514,reconstructed_client174_CGNR_img6.png,10,36800.92578125,False,2026-05-29T17:47:44.535,2026-05-29T17:47:45.413,0.8785617499997898
175,CGNE,30x30,1,0.7666,reconstructed_client175_CGNE_img1.png,2,6.403477163985372e-05,True,2026-05-29T17:47:59.460,2026-05-29T17:47:59.643,0.1832372089997989
175,CGNR,30x30,1,0.7666,reconstructed_client175_CGNR_img1.png,2,5.4144125897437334e-05,True,2026-05-29T17:47:58.424,2026-05-29T17:47:58.578,0.15441412499967555
176,CGNE,30x30,1,1.096,reconstructed_client176_CGNE_img1.png,2,9.154972212854773e-05,True,2026-05-29T17:47:55.990,2026-05-29T17:47:56.377,0.38690908399985346
176,CGNR,30x30,1,1.096,reconstructed_client176_CGNR_img1.png,2,7.740930595900863e-05,True,2026-05-29T17:47:57.498,2026-05-29T17:47:57.774,0.27531908300034047
177,CGNE,30x30,3,1.25,reconstructed_client177_CGNE_img3.png,10,409327456.0,False,2026-05-29T17:47:57.961,2026-05-29T17:47:58.639,0.6786187920001794
177,CGNR,30x30,3,1.25,reconstructed_client177_CGNR_img3.png,10,7903165.0,False,2026-05-29T17:47:56.725,2026-05-29T17:47:57.364,0.6393972089999806
178,CGNE,30x30,2,0.5235,reconstructed_client178_CGNE_img2.png,1,9.351754852104932e-05,True,2026-05-29T17:48:12.804,2026-05-29T17:48:13.026,0.2217425839999123
178,CGNR,30x30,2,0.5235,reconstructed_client178_CGNR_img2.png,1,8.372215233976021e-05,True,2026-05-29T17:48:08.774,2026-05-29T17:48:09.125,0.3510199580000517
179,CGNE,60x60,6,0.6667,reconstructed_client179_CGNE_img6.png,10,583305.6875,False,2026-05-29T17:48:03.294,2026-05-29T17:48:05.523,2.2291890420001437
179,CGNR,60x60,6,0.6667,reconstructed_client179_CGNR_img6.png,10,16904.4921875,False,2026-05-29T17:48:05.196,2026-05-29T17:48:07.466,2.269719417000033
180,CGNE,30x30,2,0.742,reconstructed_client180_CGNE_img2.png,2,8.015313505893573e-05,True,2026-05-29T17:47:58.642,2026-05-29T17:47:58.866,0.2239257909996013
180,CGNR,30x30,2,0.742,reconstructed_client180_CGNR_img2.png,2,6.64208855596371e-05,True,2026-05-29T17:47:59.995,2026-05-29T17:48:00.220,0.22456845800024894
181,CGNE,60x60,6,1.3638,reconstructed_client181_CGNE_img6.png,10,1193206.875,False,2026-05-29T17:47:55.105,2026-05-29T17:47:56.840,1.7343161670000882
181,CGNR,60x60,6,1.3638,reconstructed_client181_CGNR_img6.png,10,34579.78515625,False,2026-05-29T17:47:56.540,2026-05-29T17:47:58.377,1.8369054159998086
182,CGNE,60x60,5,0.5366,reconstructed_client182_CGNE_img5.png,4,9.622138168197125e-05,True,2026-05-29T17:47:59.645,2026-05-29T17:48:00.639,0.9940736250000555
182,CGNR,60x60,5,0.5366,reconstructed_client182_CGNR_img5.png,3,9.42130500334315e-05,True,2026-05-29T17:47:58.470,2026-05-29T17:47:59.049,0.5793637920000947
183,CGNE,60x60,6,0.872,reconstructed_client183_CGNE_img6.png,10,762925.8125,False,2026-05-29T17:48:13.251,2026-05-29T17:48:15.680,2.4288387080000575
183,CGNR,60x60,6,0.872,reconstructed_client183_CGNR_img6.png,10,22109.96875,False,2026-05-29T17:48:15.796,2026-05-29T17:48:17.648,1.852040124999803
184,CGNE,30x30,1,1.4605,reconstructed_client184_CGNE_img1.png,3,7.718535198364407e-05,True,2026-05-29T17:47:53.202,2026-05-29T17:47:53.259,0.0573587089998
184,CGNR,30x30,1,1.4605,reconstructed_client184_CGNR_img1.png,3,6.179989577503875e-05,True,2026-05-29T17:47:54.485,2026-05-29T17:47:54.542,0.05765212500000416
185,CGNE,60x60,4,0.686,reconstructed_client185_CGNE_img4.png,4,8.27904514153488e-05,True,2026-05-29T17:47:56.341,2026-05-29T17:47:57.145,0.8045946249999361
185,CGNR,60x60,4,0.686,reconstructed_client185_CGNR_img4.png,3,7.565052510472015e-05,True,2026-05-29T17:47:54.840,2026-05-29T17:47:55.173,0.3326489579999361
186,CGNE,30x30,2,1.3287,reconstructed_client186_CGNE_img2.png,4,8.014158811420202e-05,True,2026-05-29T17:48:03.481,2026-05-29T17:48:03.762,0.2814589579998028
186,CGNR,30x30,2,1.3287,reconstructed_client186_CGNR_img2.png,3,7.856374577386305e-05,True,2026-05-29T17:48:05.136,2026-05-29T17:48:05.552,0.4160881249999875
187,CGNE,30x30,3,0.8372,reconstructed_client187_CGNE_img3.png,10,274151296.0,False,2026-05-29T17:47:50.251,2026-05-29T17:47:50.514,0.26282208400016316
187,CGNR,30x30,3,0.8372,reconstructed_client187_CGNR_img3.png,10,5293224.0,False,2026-05-29T17:47:48.348,2026-05-29T17:47:48.694,0.3459985420004159
188,CGNE,30x30,2,1.3894,reconstructed_client188_CGNE_img2.png,4,8.380293729715049e-05,True,2026-05-29T17:48:00.815,2026-05-29T17:48:01.168,0.35265633399967555
188,CGNR,30x30,2,1.3894,reconstructed_client188_CGNR_img2.png,3,8.215283742174506e-05,True,2026-05-29T17:48:02.376,2026-05-29T17:48:02.613,0.23681966599997395
189,CGNE,60x60,5,0.8636,reconstructed_client189_CGNE_img5.png,8,8.958783291745931e-05,True,2026-05-29T17:47:50.468,2026-05-29T17:47:51.896,1.4275133329997516
189,CGNR,60x60,5,0.8636,reconstructed_client189_CGNR_img5.png,5,8.225888450397179e-05,True,2026-05-29T17:47:48.463,2026-05-29T17:47:49.200,0.7368273750003027
190,CGNE,60x60,4,0.9867,reconstructed_client190_CGNE_img4.png,6,9.135217987932265e-05,True,2026-05-29T17:47:51.253,2026-05-29T17:47:52.234,0.980191250000189
190,CGNR,60x60,4,0.9867,reconstructed_client190_CGNR_img4.png,4,8.032675395952538e-05,True,2026-05-29T17:47:49.254,2026-05-29T17:47:49.594,0.339849458000117
191,CGNE,60x60,5,1.0746,reconstructed_client191_CGNE_img5.png,10,9.723586117615923e-05,True,2026-05-29T17:47:44.036,2026-05-29T17:47:44.870,0.8339062079999167
191,CGNR,60x60,5,1.0746,reconstructed_client191_CGNR_img5.png,6,8.346920367330313e-05,True,2026-05-29T17:47:46.581,2026-05-29T17:47:47.024,0.4429652909998367
192,CGNE,60x60,5,0.7839,reconstructed_client192_CGNE_img5.png,7,9.398988913744688e-05,True,2026-05-29T17:47:46.344,2026-05-29T17:47:47.016,0.6720047080002587
192,CGNR,60x60,5,0.7839,reconstructed_client192_CGNR_img5.png,4,9.83417994575575e-05,True,2026-05-29T17:47:43.787,2026-05-29T17:47:44.210,0.423591082999792
193,CGNE,30x30,2,0.7145,reconstructed_client193_CGNE_img2.png,2,7.718260167166591e-05,True,2026-05-29T17:48:02.497,2026-05-29T17:48:02.569,0.07247895799991966
193,CGNR,30x30,2,0.7145,reconstructed_client193_CGNR_img2.png,2,6.395920354407281e-05,True,2026-05-29T17:48:00.234,2026-05-29T17:48:00.614,0.3798922920000223
194,CGNE,60x60,4,0.7778,reconstructed_client194_CGNE_img4.png,4,9.386953024659306e-05,True,2026-05-29T17:48:08.245,2026-05-29T17:48:09.091,0.846328958000413
194,CGNR,60x60,4,0.7778,reconstructed_client194_CGNR_img4.png,3,8.577403059462085e-05,True,2026-05-29T17:48:05.826,2026-05-29T17:48:06.608,0.781691832999968
195,CGNE,60x60,5,1.004,reconstructed_client195_CGNE_img5.png,10,9.084769408218563e-05,True,2026-05-29T17:48:05.587,2026-05-29T17:48:07.763,2.1768213329996797
195,CGNR,60x60,5,1.004,reconstructed_client195_CGNR_img5.png,5,9.563215280650184e-05,True,2026-05-29T17:48:03.564,2026-05-29T17:48:04.808,1.2432765420003307
196,CGNE,60x60,5,0.9955,reconstructed_client196_CGNE_img5.png,10,9.007847984321415e-05,True,2026-05-29T17:48:06.644,2026-05-29T17:48:08.771,2.126605667000149
196,CGNR,60x60,5,0.9955,reconstructed_client196_CGNR_img5.png,5,9.482250607106835e-05,True,2026-05-29T17:48:04.515,2026-05-29T17:48:05.583,1.067505957999856
197,CGNE,60x60,6,1.2114,reconstructed_client197_CGNE_img6.png,10,1059869.75,False,2026-05-29T17:47:49.749,2026-05-29T17:47:51.485,1.7354440419999264
197,CGNR,60x60,6,1.2114,reconstructed_client197_CGNR_img6.png,10,30715.615234375,False,2026-05-29T17:47:47.594,2026-05-29T17:47:49.056,1.4614565000001676
198,CGNE,30x30,2,1.1876,reconstructed_client198_CGNE_img2.png,3,9.352830238640308e-05,True,2026-05-29T17:48:00.594,2026-05-29T17:48:00.875,0.2809023330000855
198,CGNR,30x30,2,1.1876,reconstructed_client198_CGNR_img2.png,3,7.02207544236444e-05,True,2026-05-29T17:47:59.476,2026-05-29T17:47:59.755,0.27935258300021815
199,CGNE,60x60,5,1.0807,reconstructed_client199_CGNE_img5.png,10,9.778782987268642e-05,True,2026-05-29T17:47:48.004,2026-05-29T17:47:49.391,1.3863064170000143
199,CGNR,60x60,5,1.0807,reconstructed_client199_CGNR_img5.png,6,8.39429849293083e-05,True,2026-05-29T17:47:50.077,2026-05-29T17:47:50.986,0.9093921670000782
200,CGNE,60x60,6,0.9235,reconstructed_client200_CGNE_img6.png,10,807982.25,False,2026-05-29T17:47:57.970,2026-05-29T17:48:00.044,2.073996542000259
200,CGNR,60x60,6,0.9235,reconstructed_client200_CGNR_img6.png,10,23415.775390625,False,2026-05-29T17:47:58.881,2026-05-29T17:48:00.759,1.8781105829998523
201,CGNE,60x60,6,1.0481,reconstructed_client201_CGNE_img6.png,10,916997.5,False,2026-05-29T17:48:09.153,2026-05-29T17:48:11.095,1.9422106659999372
201,CGNR,60x60,6,1.0481,reconstructed_client201_CGNR_img6.png,10,26575.06640625,False,2026-05-29T17:48:10.720,2026-05-29T17:48:12.806,2.0859527910001816
202,CGNE,30x30,1,0.8336,reconstructed_client202_CGNE_img1.png,2,6.963131454540417e-05,True,2026-05-29T17:47:55.639,2026-05-29T17:47:56.232,0.5924667919998683
202,CGNR,30x30,1,0.8336,reconstructed_client202_CGNR_img1.png,2,5.8876306866295636e-05,True,2026-05-29T17:47:57.412,2026-05-29T17:47:57.651,0.23957100000006903
203,CGNE,30x30,3,1.4201,reconstructed_client203_CGNE_img3.png,10,465027616.0,False,2026-05-29T17:48:03.614,2026-05-29T17:48:04.516,0.9012923329996738
203,CGNR,30x30,3,1.4201,reconstructed_client203_CGNR_img3.png,10,8978628.0,False,2026-05-29T17:48:06.788,2026-05-29T17:48:07.504,0.7154536250000092
204,CGNE,60x60,5,0.9712,reconstructed_client204_CGNE_img5.png,9,9.827693429542705e-05,True,2026-05-29T17:47:54.227,2026-05-29T17:47:54.961,0.734096916999988
204,CGNR,60x60,5,0.9712,reconstructed_client204_CGNR_img5.png,5,9.250791481463239e-05,True,2026-05-29T17:47:55.374,2026-05-29T17:47:56.141,0.7667321670001002
205,CGNE,30x30,3,0.5882,reconstructed_client205_CGNE_img3.png,10,192611664.0,False,2026-05-29T17:48:00.186,2026-05-29T17:48:00.781,0.5945097920002809
205,CGNR,30x30,3,0.5882,reconstructed_client205_CGNR_img3.png,10,3718913.5,False,2026-05-29T17:47:57.354,2026-05-29T17:47:57.767,0.41303537499970844
206,CGNE,30x30,1,1.0701,reconstructed_client206_CGNE_img1.png,2,8.938633982324973e-05,True,2026-05-29T17:48:16.444,2026-05-29T17:48:17.047,0.6027903330000299
206,CGNR,30x30,1,1.0701,reconstructed_client206_CGNR_img1.png,2,7.557999197160825e-05,True,2026-05-29T17:48:16.640,2026-05-29T17:48:17.040,0.3996967500002029
207,CGNE,60x60,6,0.6336,reconstructed_client207_CGNE_img6.png,10,554345.375,False,2026-05-29T17:48:00.316,2026-05-29T17:48:02.442,2.1266125410002132
207,CGNR,60x60,6,0.6336,reconstructed_client207_CGNR_img6.png,10,16065.224609375,False,2026-05-29T17:48:01.619,2026-05-29T17:48:03.464,1.8448630829998365
208,CGNE,60x60,4,1.2841,reconstructed_client208_CGNE_img4.png,8,8.611747762188315e-05,True,2026-05-29T17:47:59.508,2026-05-29T17:48:01.090,1.5822496669998145
208,CGNR,60x60,4,1.2841,reconstructed_client208_CGNR_img4.png,5,8.29415293992497e-05,True,2026-05-29T17:47:58.437,2026-05-29T17:47:59.313,0.8762569169998642
209,CGNE,30x30,1,1.1207,reconstructed_client209_CGNE_img1.png,2,9.361297270515934e-05,True,2026-05-29T17:47:50.962,2026-05-29T17:47:51.340,0.37768949999963297
209,CGNR,30x30,1,1.1207,reconstructed_client209_CGNR_img1.png,2,7.91538623161614e-05,True,2026-05-29T17:47:48.908,2026-05-29T17:47:48.957,0.04915454100000716
210,CGNE,60x60,4,0.812,reconstructed_client210_CGNE_img4.png,4,9.799696272239089e-05,True,2026-05-29T17:48:13.072,2026-05-29T17:48:14.220,1.1472008750001805
210,CGNR,60x60,4,0.812,reconstructed_client210_CGNR_img4.png,3,8.954547956818715e-05,True,2026-05-29T17:48:14.943,2026-05-29T17:48:15.478,0.5354830410001341
211,CGNE,60x60,6,0.5769,reconstructed_client211_CGNE_img6.png,10,504739.34375,False,2026-05-29T17:47:52.335,2026-05-29T17:47:53.202,0.8670704999999543
211,CGNR,60x60,6,0.5769,reconstructed_client211_CGNR_img6.png,10,14627.5703125,False,2026-05-29T17:47:53.714,2026-05-29T17:47:54.615,0.9005465000000186
212,CGNE,30x30,3,0.9609,reconstructed_client212_CGNE_img3.png,10,314656864.0,False,2026-05-29T17:47:56.516,2026-05-29T17:47:56.983,0.4678378749999865
212,CGNR,30x30,3,0.9609,reconstructed_client212_CGNR_img3.png,10,6075321.0,False,2026-05-29T17:47:55.039,2026-05-29T17:47:55.391,0.3515458749998288
213,CGNE,30x30,1,1.4287,reconstructed_client213_CGNE_img1.png,3,7.550478039775044e-05,True,2026-05-29T17:47:57.655,2026-05-29T17:47:57.882,0.2265443339997546
213,CGNR,30x30,1,1.4287,reconstructed_client213_CGNR_img1.png,3,6.045430927770212e-05,True,2026-05-29T17:47:56.316,2026-05-29T17:47:56.484,0.16763991700008773
214,CGNE,30x30,2,0.9374,reconstructed_client214_CGNE_img2.png,3,7.382423063972965e-05,True,2026-05-29T17:48:09.100,2026-05-29T17:48:09.266,0.1661079579998841
214,CGNR,30x30,2,0.9374,reconstructed_client214_CGNR_img2.png,2,8.391234587179497e-05,True,2026-05-29T17:48:10.794,2026-05-29T17:48:11.158,0.3639961249996304
215,CGNE,60x60,6,0.9464,reconstructed_client215_CGNE_img6.png,10,828018.875,False,2026-05-29T17:48:10.253,2026-05-29T17:48:12.412,2.1590099160002865
215,CGNR,60x60,6,0.9464,reconstructed_client215_CGNR_img6.png,10,23996.416015625,False,2026-05-29T17:48:08.656,2026-05-29T17:48:10.696,2.040403542000149
216,CGNE,60x60,4,1.2915,reconstructed_client216_CGNE_img4.png,8,8.66137706907466e-05,True,2026-05-29T17:47:57.769,2026-05-29T17:47:59.178,1.408633665999787
216,CGNR,60x60,4,1.2915,reconstructed_client216_CGNR_img4.png,5,8.34194288472645e-05,True,2026-05-29T17:47:56.399,2026-05-29T17:47:57.249,0.8498740830000315
217,CGNE,60x60,6,0.8007,reconstructed_client217_CGNE_img6.png,10,700545.0625,False,2026-05-29T17:48:11.458,2026-05-29T17:48:13.760,2.301586000000043
217,CGNR,60x60,6,0.8007,reconstructed_client217_CGNR_img6.png,10,20302.123046875,False,2026-05-29T17:48:14.226,2026-05-29T17:48:16.414,2.188776333000078
218,CGNE,60x60,4,0.5405,reconstructed_client218_CGNE_img4.png,3,8.491457992931828e-05,True,2026-05-29T17:47:58.670,2026-05-29T17:47:59.352,0.6823293749998811
218,CGNR,60x60,4,0.5405,reconstructed_client218_CGNR_img4.png,2,8.368755516130477e-05,True,2026-05-29T17:48:00.055,2026-05-29T17:48:00.577,0.5221324159997494
219,CGNE,60x60,5,1.3091,reconstructed_client219_CGNE_img5.png,10,0.00011845477274619043,False,2026-05-29T17:48:02.306,2026-05-29T17:48:04.408,2.1012342920002993
219,CGNR,60x60,5,1.3091,reconstructed_client219_CGNR_img5.png,7,8.534092921763659e-05,True,2026-05-29T17:48:00.923,2026-05-29T17:48:02.261,1.3378272079999078
220,CGNE,60x60,6,0.9045,reconstructed_client220_CGNE_img6.png,10,791361.25,False,2026-05-29T17:48:16.418,2026-05-29T17:48:18.525,2.1075596670002597
220,CGNR,60x60,6,0.9045,reconstructed_client220_CGNR_img6.png,10,22934.021484375,False,2026-05-29T17:48:17.548,2026-05-29T17:48:19.007,1.4588959170000635
221,CGNE,30x30,1,1.2489,reconstructed_client221_CGNE_img1.png,3,6.600263441214338e-05,True,2026-05-29T17:47:54.725,2026-05-29T17:47:54.785,0.05946333300016704
221,CGNR,30x30,1,1.2489,reconstructed_client221_CGNR_img1.png,2,8.820847870083526e-05,True,2026-05-29T17:47:53.418,2026-05-29T17:47:53.460,0.04214204100026109
222,CGNE,60x60,4,0.526,reconstructed_client222_CGNE_img4.png,3,8.263657218776643e-05,True,2026-05-29T17:47:53.470,2026-05-29T17:47:53.724,0.25409916699982205
222,CGNR,60x60,4,0.526,reconstructed_client222_CGNR_img4.png,2,8.144244202412665e-05,True,2026-05-29T17:47:54.774,2026-05-29T17:47:54.956,0.18117154199990182
223,CGNE,30x30,2,1.3502,reconstructed_client223_CGNE_img2.png,4,8.143844752339646e-05,True,2026-05-29T17:48:00.644,2026-05-29T17:48:00.983,0.33854987499989875
223,CGNR,30x30,2,1.3502,reconstructed_client223_CGNR_img2.png,3,7.983500836417079e-05,True,2026-05-29T17:47:59.034,2026-05-29T17:47:59.439,0.4055159169997751
224,CGNE,30x30,2,0.8539,reconstructed_client224_CGNE_img2.png,2,9.224091627402231e-05,True,2026-05-29T17:47:59.294,2026-05-29T17:47:59.505,0.21154441699991366
224,CGNR,30x30,2,0.8539,reconstructed_client224_CGNR_img2.png,2,7.643774006282911e-05,True,2026-05-29T17:47:58.257,2026-05-29T17:47:58.468,0.21076937500038184
225,CGNE,60x60,4,1.2939,reconstructed_client225_CGNE_img4.png,8,8.677470759721473e-05,True,2026-05-29T17:47:47.505,2026-05-29T17:47:48.613,1.108079582999835
225,CGNR,60x60,4,1.2939,reconstructed_client225_CGNR_img4.png,5,8.357448677998036e-05,True,2026-05-29T17:47:45.007,2026-05-29T17:47:45.516,0.5085383329997057
226,CGNE,60x60,6,1.464,reconstructed_client226_CGNE_img6.png,10,1280873.25,False,2026-05-29T17:48:11.103,2026-05-29T17:48:13.364,2.261361040999873
226,CGNR,60x60,6,1.464,reconstructed_client226_CGNR_img6.png,10,37120.40234375,False,2026-05-29T17:48:09.269,2026-05-29T17:48:11.450,2.181489249999686
227,CGNE,30x30,2,1.3715,reconstructed_client227_CGNE_img2.png,4,8.272319246316329e-05,True,2026-05-29T17:47:56.987,2026-05-29T17:47:57.385,0.39809945800016067
227,CGNR,30x30,2,1.3715,reconstructed_client227_CGNR_img2.png,3,8.109444024739787e-05,True,2026-05-29T17:47:54.987,2026-05-29T17:47:55.034,0.04711612499977491
228,CGNE,30x30,2,1.2599,reconstructed_client228_CGNE_img2.png,3,9.922218305291608e-05,True,2026-05-29T17:47:52.820,2026-05-29T17:47:52.895,0.07448841699988407
228,CGNR,30x30,2,1.2599,reconstructed_client228_CGNR_img2.png,3,7.449571421602741e-05,True,2026-05-29T17:47:54.117,2026-05-29T17:47:54.177,0.06011500000022352
229,CGNE,60x60,4,1.1607,reconstructed_client229_CGNE_img4.png,8,7.784165063640103e-05,True,2026-05-29T17:48:04.415,2026-05-29T17:48:05.908,1.4930557080001563
229,CGNR,60x60,4,1.1607,reconstructed_client229_CGNR_img4.png,4,9.449203935218975e-05,True,2026-05-29T17:48:06.540,2026-05-29T17:48:07.358,0.8182259999998678
230,CGNE,30x30,2,1.1592,reconstructed_client230_CGNE_img2.png,3,9.12917239475064e-05,True,2026-05-29T17:47:58.974,2026-05-29T17:47:59.291,0.3171343750000233
230,CGNR,30x30,2,1.1592,reconstructed_client230_CGNR_img2.png,3,6.85414852341637e-05,True,2026-05-29T17:47:58.205,2026-05-29T17:47:58.421,0.21637537500009785
231,CGNE,60x60,4,0.7458,reconstructed_client231_CGNE_img4.png,4,9.000744466902688e-05,True,2026-05-29T17:48:04.391,2026-05-29T17:48:05.132,0.7402408329999162
231,CGNR,60x60,4,0.7458,reconstructed_client231_CGNR_img4.png,3,8.224512566812336e-05,True,2026-05-29T17:48:06.150,2026-05-29T17:48:07.028,0.8785410000000411
232,CGNE,30x30,1,1.1636,reconstructed_client232_CGNE_img1.png,2,9.719641820993274e-05,True,2026-05-29T17:48:09.385,2026-05-29T17:48:10.104,0.7191305420001299
232,CGNR,30x30,1,1.1636,reconstructed_client232_CGNR_img1.png,2,8.218381844926625e-05,True,2026-05-29T17:48:11.414,2026-05-29T17:48:11.855,0.441067166999801
233,CGNE,60x60,4,0.9103,reconstructed_client233_CGNE_img4.png,5,9.65969156823121e-05,True,2026-05-29T17:48:07.490,2026-05-29T17:48:08.647,1.15783383400003
233,CGNR,60x60,4,0.9103,reconstructed_client233_CGNR_img4.png,4,7.410704711219296e-05,True,2026-05-29T17:48:04.972,2026-05-29T17:48:05.820,0.8477631249998012
234,CGNE,60x60,5,0.5793,reconstructed_client234_CGNE_img5.png,5,8.478852396365255e-05,True,2026-05-29T17:48:07.821,2026-05-29T17:48:09.148,1.3265672920001634
234,CGNR,60x60,5,0.5793,reconstructed_client234_CGNR_img5.png,4,7.267434557434171e-05,True,2026-05-29T17:48:05.531,2026-05-29T17:48:06.496,0.9646605420002743
235,CGNE,30x30,2,0.8273,reconstructed_client235_CGNE_img2.png,2,8.93675023689866e-05,True,2026-05-29T17:47:56.485,2026-05-29T17:47:56.628,0.14300783399994543
235,CGNR,30x30,2,0.8273,reconstructed_client235_CGNR_img2.png,2,7.405664655379951e-05,True,2026-05-29T17:47:57.854,2026-05-29T17:47:58.023,0.16992254199976742
236,CGNE,30x30,2,1.3788,reconstructed_client236_CGNE_img2.png,4,8.316356979776174e-05,True,2026-05-29T17:48:09.603,2026-05-29T17:48:10.240,0.6375872499997968
236,CGNR,30x30,2,1.3788,reconstructed_client236_CGNR_img2.png,3,8.152610098477453e-05,True,2026-05-29T17:48:07.767,2026-05-29T17:48:08.276,0.5086361659996328
237,CGNE,60x60,5,0.503,reconstructed_client237_CGNE_img5.png,4,9.0196386736352e-05,True,2026-05-29T17:48:01.227,2026-05-29T17:48:02.506,1.2794107919999078
237,CGNR,60x60,5,0.503,reconstructed_client237_CGNR_img5.png,3,8.83137690834701e-05,True,2026-05-29T17:48:02.519,2026-05-29T17:48:03.257,0.7388599579999209
238,CGNE,60x60,4,1.1667,reconstructed_client238_CGNE_img4.png,8,7.824416388757527e-05,True,2026-05-29T17:47:50.871,2026-05-29T17:47:52.240,1.3692062089999126
238,CGNR,60x60,4,1.1667,reconstructed_client238_CGNR_img4.png,4,9.498047438682988e-05,True,2026-05-29T17:47:48.858,2026-05-29T17:47:49.290,0.4317025840000497
239,CGNE,60x60,6,0.965,reconstructed_client239_CGNE_img6.png,10,844291.75,False,2026-05-29T17:48:12.942,2026-05-29T17:48:14.999,2.0579442920002293
239,CGNR,60x60,6,0.965,reconstructed_client239_CGNR_img6.png,10,24468.025390625,False,2026-05-29T17:48:18.127,2026-05-29T17:48:19.364,1.2379383329998745
240,CGNE,30x30,3,1.0449,reconstructed_client240_CGNE_img3.png,10,342162592.0,False,2026-05-29T17:47:53.223,2026-05-29T17:47:53.397,0.17373112499990384
240,CGNR,30x30,3,1.0449,reconstructed_client240_CGNR_img3.png,10,6606414.0,False,2026-05-29T17:47:54.463,2026-05-29T17:47:54.652,0.18913187499993
241,CGNE,30x30,2,1.2025,reconstructed_client241_CGNE_img2.png,3,9.47017761063762e-05,True,2026-05-29T17:47:51.760,2026-05-29T17:47:51.822,0.06254908300024908
241,CGNR,30x30,2,1.2025,reconstructed_client241_CGNR_img2.png,3,7.110178557923064e-05,True,2026-05-29T17:47:49.663,2026-05-29T17:47:49.731,0.06745900000032634
242,CGNE,60x60,6,0.5121,reconstructed_client242_CGNE_img6.png,10,448044.03125,False,2026-05-29T17:47:50.072,2026-05-29T17:47:51.675,1.6026376250001704
242,CGNR,60x60,6,0.5121,reconstructed_client242_CGNR_img6.png,10,12984.53515625,False,2026-05-29T17:47:48.210,2026-05-29T17:47:49.499,1.2894405840002037
243,CGNE,60x60,5,0.5883,reconstructed_client243_CGNE_img5.png,5,8.610589429736137e-05,True,2026-05-29T17:47:50.438,2026-05-29T17:47:51.473,1.034921666000173
243,CGNR,60x60,5,0.5883,reconstructed_client243_CGNR_img5.png,4,7.380339229712263e-05,True,2026-05-29T17:47:48.486,2026-05-29T17:47:49.204,0.7184936670000752
244,CGNE,30x30,3,0.8226,reconstructed_client244_CGNE_img3.png,10,269370048.0,False,2026-05-29T17:48:08.262,2026-05-29T17:48:08.948,0.6859075000002122
244,CGNR,30x30,3,0.8226,reconstructed_client244_CGNR_img3.png,10,5200915.0,False,2026-05-29T17:48:06.203,2026-05-29T17:48:06.965,0.7610561659998893
245,CGNE,60x60,4,1.1235,reconstructed_client245_CGNE_img4.png,7,9.836649405770004e-05,True,2026-05-29T17:47:49.696,2026-05-29T17:47:50.709,1.0139127090001239
245,CGNR,60x60,4,1.1235,reconstructed_client245_CGNR_img4.png,4,9.146359661826864e-05,True,2026-05-29T17:47:47.835,2026-05-29T17:47:48.277,0.44130612500021016
246,CGNE,60x60,5,0.8838,reconstructed_client246_CGNE_img5.png,8,9.168333053821698e-05,True,2026-05-29T17:48:13.029,2026-05-29T17:48:14.853,1.8241228750002847
246,CGNR,60x60,5,0.8838,reconstructed_client246_CGNR_img5.png,5,8.418296783929691e-05,True,2026-05-29T17:48:17.781,2026-05-29T17:48:18.731,0.9499194579998402
247,CGNE,30x30,1,0.7441,reconstructed_client247_CGNE_img1.png,2,6.215518806129694e-05,True,2026-05-29T17:47:52.098,2026-05-29T17:47:52.170,0.07191320800029644
247,CGNR,30x30,1,0.7441,reconstructed_client247_CGNR_img1.png,1,9.843487350735813e-05,True,2026-05-29T17:47:49.998,2026-05-29T17:47:50.032,0.033518124999773136
248,CGNE,30x30,2,1.4005,reconstructed_client248_CGNE_img2.png,4,8.447229629382491e-05,True,2026-05-29T17:48:00.510,2026-05-29T17:48:00.745,0.234540417000062
248,CGNR,30x30,2,1.4005,reconstructed_client248_CGNR_img2.png,3,8.280912879854441e-05,True,2026-05-29T17:47:59.057,2026-05-29T17:47:59.424,0.36760358299989093
249,CGNE,60x60,6,1.13,reconstructed_client249_CGNE_img6.png,10,988654.0,False,2026-05-29T17:47:49.275,2026-05-29T17:47:50.632,1.3570207500001743
249,CGNR,60x60,6,1.13,reconstructed_client249_CGNR_img6.png,10,28651.6796875,False,2026-05-29T17:47:51.344,2026-05-29T17:47:52.630,1.2869067080000605
250,CGNE,60x60,5,0.6803,reconstructed_client250_CGNE_img5.png,5,9.957127622328699e-05,True,2026-05-29T17:48:16.834,2026-05-29T17:48:17.924,1.0899623330001305
250,CGNR,60x60,5,0.6803,reconstructed_client250_CGNR_img5.png,4,8.53449892019853e-05,True,2026-05-29T17:48:14.996,2026-05-29T17:48:15.967,0.971057958000074
251,CGNE,30x30,3,1.3767,reconstructed_client251_CGNE_img3.png,10,450816544.0,False,2026-05-29T17:48:17.121,2026-05-29T17:48:18.002,0.8811306249999689
251,CGNR,30x30,3,1.3767,reconstructed_client251_CGNR_img3.png,10,8704229.0,False,2026-05-29T17:48:15.004,2026-05-29T17:48:15.865,0.8610682920002546
252,CGNE,60x60,6,1.4654,reconstructed_client252_CGNE_img6.png,10,1282099.125,False,2026-05-29T17:47:53.514,2026-05-29T17:47:54.477,0.9631202919999851
252,CGNR,60x60,6,1.4654,reconstructed_client252_CGNR_img6.png,10,37155.90234375,False,2026-05-29T17:47:54.765,2026-05-29T17:47:56.336,1.571535208000114
253,CGNE,30x30,2,0.6996,reconstructed_client253_CGNE_img2.png,2,7.557286880910397e-05,True,2026-05-29T17:47:57.579,2026-05-29T17:47:57.860,0.2804738330000873
253,CGNR,30x30,2,0.6996,reconstructed_client253_CGNR_img2.png,2,6.262541864998639e-05,True,2026-05-29T17:47:56.233,2026-05-29T17:47:56.510,0.2771195830000579
254,CGNE,30x30,1,1.3827,reconstructed_client254_CGNE_img1.png,3,7.307371561182663e-05,True,2026-05-29T17:47:43.295,2026-05-29T17:47:43.361,0.0660677079999914
254,CGNR,30x30,1,1.3827,reconstructed_client254_CGNR_img1.png,2,9.765854338183999e-05,True,2026-05-29T17:47:45.779,2026-05-29T17:47:45.814,0.03555620799988901
255,CGNE,60x60,5,1.365,reconstructed_client255_CGNE_img5.png,10,0.0001235129457199946,False,2026-05-29T17:47:56.516,2026-05-29T17:47:58.319,1.8032088750001094
255,CGNR,60x60,5,1.365,reconstructed_client255_CGNR_img5.png,7,8.898504165699705e-05,True,2026-05-29T17:47:55.083,2026-05-29T17:47:56.153,1.0701224580002417
256,CGNE,30x30,3,0.9286,reconstructed_client256_CGNE_img3.png,10,304080224.0,False,2026-05-29T17:47:49.764,2026-05-29T17:47:50.087,0.323253042000033
256,CGNR,30x30,3,0.9286,reconstructed_client256_CGNR_img3.png,10,5871103.0,False,2026-05-29T17:47:51.909,2026-05-29T17:47:52.195,0.28607641700000386
257,CGNE,30x30,3,0.9794,reconstructed_client257_CGNE_img3.png,10,320716160.0,False,2026-05-29T17:48:08.344,2026-05-29T17:48:09.026,0.6816047499996785
257,CGNR,30x30,3,0.9794,reconstructed_client257_CGNR_img3.png,10,6192288.0,False,2026-05-29T17:48:10.107,2026-05-29T17:48:10.616,0.5084756250003011
258,CGNE,30x30,2,1.0247,reconstructed_client258_CGNE_img2.png,3,8.069931209320202e-05,True,2026-05-29T17:48:02.497,2026-05-29T17:48:02.645,0.1480230419997497
258,CGNR,30x30,2,1.0247,reconstructed_client258_CGNR_img2.png,2,9.17271026992239e-05,True,2026-05-29T17:48:00.951,2026-05-29T17:48:01.132,0.18150299999979325
259,CGNE,30x30,3,1.2844,reconstructed_client259_CGNE_img3.png,10,420590720.0,False,2026-05-29T17:48:07.756,2026-05-29T17:48:08.242,0.48637766699994245
259,CGNR,30x30,3,1.2844,reconstructed_client259_CGNR_img3.png,10,8120660.0,False,2026-05-29T17:48:05.470,2026-05-29T17:48:06.147,0.6772385829999621
260,CGNE,30x30,1,0.5929,reconstructed_client260_CGNE_img1.png,1,8.643471664981917e-05,True,2026-05-29T17:47:53.974,2026-05-29T17:47:54.011,0.03634612499990908
260,CGNR,30x30,1,0.5929,reconstructed_client260_CGNR_img1.png,1,7.843310595490038e-05,True,2026-05-29T17:47:52.779,2026-05-29T17:47:52.796,0.01729558300030476
261,CGNE,60x60,4,0.6647,reconstructed_client261_CGNE_img4.png,4,8.021997928153723e-05,True,2026-05-29T17:47:56.627,2026-05-29T17:47:57.575,0.9482210000001032
261,CGNR,60x60,4,0.6647,reconstructed_client261_CGNR_img4.png,3,7.330163498409092e-05,True,2026-05-29T17:47:57.863,2026-05-29T17:47:58.433,0.570539374999953
262,CGNE,30x30,1,1.0289,reconstructed_client262_CGNE_img1.png,2,8.594479004386812e-05,True,2026-05-29T17:47:54.144,2026-05-29T17:47:54.185,0.04153270799997699
262,CGNR,30x30,1,1.0289,reconstructed_client262_CGNR_img1.png,2,7.267006003530696e-05,True,2026-05-29T17:47:52.836,2026-05-29T17:47:52.891,0.054853166000157216
263,CGNE,30x30,3,0.5494,reconstructed_client263_CGNE_img3.png,10,179908368.0,False,2026-05-29T17:47:50.267,2026-05-29T17:47:50.622,0.35480216599989944
263,CGNR,30x30,3,0.5494,reconstructed_client263_CGNR_img3.png,10,3473599.0,False,2026-05-29T17:47:48.292,2026-05-29T17:47:48.620,0.3278358750003463
264,CGNE,30x30,2,0.9313,reconstructed_client264_CGNE_img2.png,3,7.334380643442273e-05,True,2026-05-29T17:47:56.627,2026-05-29T17:47:56.941,0.3139727499997207
264,CGNR,30x30,2,0.9313,reconstructed_client264_CGNR_img2.png,2,8.336624887306243e-05,True,2026-05-29T17:47:57.884,2026-05-29T17:47:58.288,0.40324250000003303
265,CGNE,30x30,3,0.9955,reconstructed_client265_CGNE_img3.png,10,325987392.0,False,2026-05-29T17:47:57.387,2026-05-29T17:47:57.858,0.47108020899986514
265,CGNR,30x30,3,0.9955,reconstructed_client265_CGNR_img3.png,10,6294080.0,False,2026-05-29T17:47:55.612,2026-05-29T17:47:56.351,0.7387377499999275
266,CGNE,30x30,2,0.9276,reconstructed_client266_CGNE_img2.png,3,7.305239705601707e-05,True,2026-05-29T17:48:14.323,2026-05-29T17:48:14.995,0.6716742919998069
266,CGNR,30x30,2,0.9276,reconstructed_client266_CGNR_img2.png,2,8.303508366225287e-05,True,2026-05-29T17:48:15.048,2026-05-29T17:48:15.755,0.7064078329999575
267,CGNE,60x60,6,0.9708,reconstructed_client267_CGNE_img6.png,10,849366.4375,False,2026-05-29T17:47:44.693,2026-05-29T17:47:45.651,0.9578737910001109
267,CGNR,60x60,6,0.9708,reconstructed_client267_CGNR_img6.png,10,24615.08984375,False,2026-05-29T17:47:47.241,2026-05-29T17:47:48.332,1.0905945840004279
268,CGNE,60x60,6,0.7306,reconstructed_client268_CGNE_img6.png,10,639212.0,False,2026-05-29T17:48:04.847,2026-05-29T17:48:06.784,1.937603916000171
268,CGNR,60x60,6,0.7306,reconstructed_client268_CGNR_img6.png,10,18524.70703125,False,2026-05-29T17:48:03.111,2026-05-29T17:48:05.191,2.0799010410000847
269,CGNE,60x60,4,0.8265,reconstructed_client269_CGNE_img4.png,4,9.974689601222053e-05,True,2026-05-29T17:48:12.563,2026-05-29T17:48:13.590,1.0268854999999348
269,CGNR,60x60,4,0.8265,reconstructed_client269_CGNR_img4.png,3,9.114453860092908e-05,True,2026-05-29T17:48:10.243,2026-05-29T17:48:10.931,0.6878548340000634
270,CGNE,60x60,4,0.5697,reconstructed_client270_CGNE_img4.png,3,8.950198389356956e-05,True,2026-05-29T17:48:09.234,2026-05-29T17:48:10.042,0.8078832500000317
270,CGNR,60x60,4,0.5697,reconstructed_client270_CGNR_img4.png,2,8.820868970360607e-05,True,2026-05-29T17:48:07.435,2026-05-29T17:48:07.836,0.401188958000148
271,CGNE,30x30,3,1.4814,reconstructed_client271_CGNE_img3.png,10,485101984.0,False,2026-05-29T17:47:56.637,2026-05-29T17:47:57.342,0.7059105000003001
271,CGNR,30x30,3,1.4814,reconstructed_client271_CGNR_img3.png,10,9366199.0,False,2026-05-29T17:47:55.191,2026-05-29T17:47:55.571,0.38026908400024695
272,CGNE,30x30,1,0.5219,reconstructed_client272_CGNE_img1.png,1,7.60840775910765e-05,True,2026-05-29T17:47:54.932,2026-05-29T17:47:54.970,0.03788029099996493
272,CGNR,30x30,1,0.5219,reconstructed_client272_CGNR_img1.png,1,6.90406741341576e-05,True,2026-05-29T17:47:56.411,2026-05-29T17:47:56.513,0.10200087499970323
273,CGNE,30x30,1,0.599,reconstructed_client273_CGNE_img1.png,1,8.732397691346705e-05,True,2026-05-29T17:48:01.772,2026-05-29T17:48:02.204,0.43197837500019887
273,CGNR,30x30,1,0.599,reconstructed_client273_CGNR_img1.png,1,7.924000965431333e-05,True,2026-05-29T17:48:02.909,2026-05-29T17:48:03.292,0.3828212079997684
274,CGNE,30x30,2,1.2279,reconstructed_client274_CGNE_img2.png,3,9.670211147749797e-05,True,2026-05-29T17:48:10.238,2026-05-29T17:48:10.542,0.3041707080001288
274,CGNR,30x30,2,1.2279,reconstructed_client274_CGNR_img2.png,3,7.260358688654378e-05,True,2026-05-29T17:48:12.534,2026-05-29T17:48:12.940,0.4056418750001285
275,CGNE,30x30,2,0.5436,reconstructed_client275_CGNE_img2.png,1,9.710814629215747e-05,True,2026-05-29T17:47:51.108,2026-05-29T17:47:51.380,0.27202824999994846
275,CGNR,30x30,2,0.5436,reconstructed_client275_CGNR_img2.png,1,8.693667768966407e-05,True,2026-05-29T17:47:49.152,2026-05-29T17:47:49.176,0.02390437500025655
276,CGNE,30x30,3,0.5898,reconstructed_client276_CGNE_img3.png,10,193135600.0,False,2026-05-29T17:47:56.519,2026-05-29T17:47:56.986,0.4674242080000113
276,CGNR,30x30,3,0.5898,reconstructed_client276_CGNR_img3.png,10,3729029.25,False,2026-05-29T17:47:54.944,2026-05-29T17:47:55.386,0.441936749999968
277,CGNE,60x60,5,0.9223,reconstructed_client277_CGNE_img5.png,8,9.567729284754023e-05,True,2026-05-29T17:48:08.363,2026-05-29T17:48:10.145,1.7817772919997878
277,CGNR,60x60,5,0.9223,reconstructed_client277_CGNR_img5.png,5,8.785011596046388e-05,True,2026-05-29T17:48:10.209,2026-05-29T17:48:11.066,0.8567754589998913
278,CGNE,60x60,6,1.3701,reconstructed_client278_CGNE_img6.png,10,1198721.375,False,2026-05-29T17:47:50.315,2026-05-29T17:47:52.027,1.711930250000023
278,CGNR,60x60,6,1.3701,reconstructed_client278_CGNR_img6.png,10,34739.53125,False,2026-05-29T17:47:52.317,2026-05-29T17:47:53.170,0.8528454590000365
279,CGNE,30x30,3,0.7951,reconstructed_client279_CGNE_img3.png,10,260365104.0,False,2026-05-29T17:47:49.730,2026-05-29T17:47:50.021,0.291221707999739
279,CGNR,30x30,3,0.7951,reconstructed_client279_CGNR_img3.png,10,5027045.0,False,2026-05-29T17:47:51.796,2026-05-29T17:47:52.043,0.246935958999984
280,CGNE,60x60,6,0.5709,reconstructed_client280_CGNE_img6.png,10,499488.5,False,2026-05-29T17:47:56.460,2026-05-29T17:47:58.201,1.7418435420004243
280,CGNR,60x60,6,0.5709,reconstructed_client280_CGNR_img6.png,10,14475.4375,False,2026-05-29T17:47:57.818,2026-05-29T17:47:59.543,1.7244765840000582
281,CGNE,30x30,1,0.6893,reconstructed_client281_CGNE_img1.png,2,5.757776671089232e-05,True,2026-05-29T17:47:50.609,2026-05-29T17:47:50.753,0.14372145900006217
281,CGNR,30x30,1,0.6893,reconstructed_client281_CGNR_img1.png,1,9.118552407016978e-05,True,2026-05-29T17:47:48.647,2026-05-29T17:47:48.697,0.049413166000249475
282,CGNE,60x60,5,0.9359,reconstructed_client282_CGNE_img5.png,8,9.70880500972271e-05,True,2026-05-29T17:48:15.485,2026-05-29T17:48:17.114,1.6286621669996748
282,CGNR,60x60,5,0.9359,reconstructed_client282_CGNR_img5.png,5,8.914553473005071e-05,True,2026-05-29T17:48:14.860,2026-05-29T17:48:15.799,0.9387612499999705
283,CGNE,60x60,4,0.6394,reconstructed_client283_CGNE_img4.png,4,7.716663822066039e-05,True,2026-05-29T17:48:12.106,2026-05-29T17:48:13.317,1.2107117909999943
283,CGNR,60x60,4,0.6394,reconstructed_client283_CGNR_img4.png,2,9.90006301435642e-05,True,2026-05-29T17:48:09.937,2026-05-29T17:48:10.382,0.44489420799982327
284,CGNE,30x30,2,0.6666,reconstructed_client284_CGNE_img2.png,2,7.200810068752617e-05,True,2026-05-29T17:47:55.576,2026-05-29T17:47:55.983,0.4073498339998878
284,CGNR,30x30,2,0.6666,reconstructed_client284_CGNR_img2.png,2,5.967139077256434e-05,True,2026-05-29T17:47:57.320,2026-05-29T17:47:57.485,0.1654129999997167
285,CGNE,30x30,2,0.941,reconstructed_client285_CGNE_img2.png,3,7.410769467242062e-05,True,2026-05-29T17:48:02.691,2026-05-29T17:48:03.161,0.47000420799986387
285,CGNR,30x30,2,0.941,reconstructed_client285_CGNR_img2.png,2,8.42346198624e-05,True,2026-05-29T17:48:04.519,2026-05-29T17:48:04.834,0.31504341599975305
286,CGNE,30x30,1,1.4366,reconstructed_client286_CGNE_img1.png,3,7.592230394948274e-05,True,2026-05-29T17:48:04.415,2026-05-29T17:48:04.742,0.32669875000010506
286,CGNR,30x30,1,1.4366,reconstructed_client286_CGNR_img1.png,3,6.0788621340179816e-05,True,2026-05-29T17:48:06.611,2026-05-29T17:48:06.993,0.3813540420001118
287,CGNE,60x60,5,0.9729,reconstructed_client287_CGNE_img5.png,9,9.844893793342635e-05,True,2026-05-29T17:48:17.555,2026-05-29T17:48:19.011,1.4563681669997095
287,CGNR,60x60,5,0.9729,reconstructed_client287_CGNR_img5.png,5,9.266980487154797e-05,True,2026-05-29T17:48:18.005,2026-05-29T17:48:18.848,0.8425363330002256
288,CGNE,60x60,5,0.7066,reconstructed_client288_CGNE_img5.png,6,9.482599853072315e-05,True,2026-05-29T17:47:56.489,2026-05-29T17:47:57.549,1.0602627080002094
288,CGNR,60x60,5,0.7066,reconstructed_client288_CGNR_img5.png,4,8.864437404554337e-05,True,2026-05-29T17:47:57.859,2026-05-29T17:47:58.559,0.6998385830002007
289,CGNE,30x30,2,0.7182,reconstructed_client289_CGNE_img2.png,2,7.758218998787925e-05,True,2026-05-29T17:48:02.517,2026-05-29T17:48:02.654,0.13679387499996665
289,CGNR,30x30,2,0.7182,reconstructed_client289_CGNR_img2.png,2,6.429046334233135e-05,True,2026-05-29T17:48:01.169,2026-05-29T17:48:01.761,0.5926481669998793
290,CGNE,60x60,4,0.8852,reconstructed_client290_CGNE_img4.png,5,9.39332676352933e-05,True,2026-05-29T17:48:05.293,2026-05-29T17:48:06.533,1.2392584169997463
290,CGNR,60x60,4,0.8852,reconstructed_client290_CGNR_img4.png,3,9.761783439898863e-05,True,2026-05-29T17:48:03.564,2026-05-29T17:48:04.508,0.9434015830001954
291,CGNE,30x30,2,0.6721,reconstructed_client291_CGNE_img2.png,2,7.260232814587653e-05,True,2026-05-29T17:47:43.471,2026-05-29T17:47:43.520,0.04905395800005863
291,CGNR,30x30,2,0.6721,reconstructed_client291_CGNR_img2.png,2,6.016372572048567e-05,True,2026-05-29T17:47:45.956,2026-05-29T17:47:46.002,0.045855957999719976
292,CGNE,30x30,3,0.7497,reconstructed_client292_CGNE_img3.png,10,245497584.0,False,2026-05-29T17:47:57.407,2026-05-29T17:47:57.967,0.5601675420002721
292,CGNR,30x30,3,0.7497,reconstructed_client292_CGNR_img3.png,10,4740002.5,False,2026-05-29T17:47:55.877,2026-05-29T17:47:56.488,0.6110785420000866
293,CGNE,30x30,2,1.3308,reconstructed_client293_CGNE_img2.png,4,8.026826253626496e-05,True,2026-05-29T17:47:55.538,2026-05-29T17:47:55.876,0.33741295800018634
293,CGNR,30x30,2,1.3308,reconstructed_client293_CGNR_img2.png,3,7.868790271459147e-05,True,2026-05-29T17:47:57.315,2026-05-29T17:47:57.496,0.18052758300018468
294,CGNE,30x30,2,0.9773,reconstructed_client294_CGNE_img2.png,3,7.696641841903329e-05,True,2026-05-29T17:47:48.767,2026-05-29T17:47:48.841,0.07366504100036764
294,CGNR,30x30,2,0.9773,reconstructed_client294_CGNR_img2.png,2,8.748399704927579e-05,True,2026-05-29T17:47:50.762,2026-05-29T17:47:50.808,0.046495042000060494
295,CGNE,30x30,3,1.2718,reconstructed_client295_CGNE_img3.png,10,416463392.0,False,2026-05-29T17:47:58.273,2026-05-29T17:47:58.775,0.5020170830002826
295,CGNR,30x30,3,1.2718,reconstructed_client295_CGNR_img3.png,10,8040996.0,False,2026-05-29T17:47:59.360,2026-05-29T17:47:59.856,0.4957792499999414
296,CGNE,60x60,4,1.3189,reconstructed_client296_CGNE_img4.png,8,8.845134289003909e-05,True,2026-05-29T17:47:58.567,2026-05-29T17:48:00.097,1.530592292000165
296,CGNR,60x60,4,1.3189,reconstructed_client296_CGNR_img4.png,5,8.518925460521132e-05,True,2026-05-29T17:47:59.858,2026-05-29T17:48:00.918,1.06039733300031
297,CGNE,60x60,6,1.4786,reconstructed_client297_CGNE_img6.png,10,1293647.5,False,2026-05-29T17:48:00.877,2026-05-29T17:48:02.905,2.0276460000000043
297,CGNR,60x60,6,1.4786,reconstructed_client297_CGNR_img6.png,10,37490.59375,False,2026-05-29T17:48:02.266,2026-05-29T17:48:04.398,2.1320542919997933
298,CGNE,30x30,1,0.6996,reconstructed_client298_CGNE_img1.png,2,5.843812323291786e-05,True,2026-05-29T17:48:00.784,2026-05-29T17:48:01.025,0.24136637499987046
298,CGNR,30x30,1,0.6996,reconstructed_client298_CGNR_img1.png,1,9.254809992853552e-05,True,2026-05-29T17:48:02.206,2026-05-29T17:48:02.497,0.2911969589999899
299,CGNE,60x60,6,1.4672,reconstructed_client299_CGNE_img6.png,10,1283671.125,False,2026-05-29T17:48:17.652,2026-05-29T17:48:19.188,1.5360699170000771
299,CGNR,60x60,6,1.4672,reconstructed_client299_CGNR_img6.png,10,37201.54296875,False,2026-05-29T17:48:16.335,2026-05-29T17:48:18.174,1.8389423339999666
300,CGNE,30x30,3,1.0235,reconstructed_client300_CGNE_img3.png,10,335157536.0,False,2026-05-29T17:47:57.790,2026-05-29T17:47:58.254,0.46421312500024214
300,CGNR,30x30,3,1.0235,reconstructed_client300_CGNR_img3.png,10,6471111.5,False,2026-05-29T17:47:56.420,2026-05-29T17:47:56.826,0.40601379099962287
